"Province","cumulative_Lag","RR","Lower","Upper"
"Bangkok","cumulative_Lag 3","1.0241","0.9876","1.0619"
"Buri Ram","cumulative_Lag 3","1.1968","1.0418","1.3749"
"Chachoengsao","cumulative_Lag 3","1.0046","0.922","1.0945"
"Chanthaburi","cumulative_Lag 3","1.1998","0.9476","1.5191"
"Chiang Mai","cumulative_Lag 3","1.01","0.9754","1.0459"
"Chiang Rai","cumulative_Lag 3","1.0034","0.9799","1.0275"
"Chon Buri","cumulative_Lag 3","0.9561","0.8952","1.0211"
"Kamphaeng Phet","cumulative_Lag 3","1.0326","0.8955","1.1906"
"Kanchanaburi","cumulative_Lag 3","0.9874","0.9144","1.0663"
"Khon Kaen","cumulative_Lag 3","1.0371","0.9942","1.0819"
"Lampang","cumulative_Lag 3","0.9968","0.9465","1.0497"
"Lamphun","cumulative_Lag 3","0.9951","0.9396","1.0538"
"Loei","cumulative_Lag 3","1.0033","0.9548","1.0543"
"Lop Buri","cumulative_Lag 3","1.0696","0.9347","1.2239"
"Mae Hong Son","cumulative_Lag 3","0.9646","0.92","1.0113"
"Mukdahan","cumulative_Lag 3","0.9975","0.7191","1.3838"
"Nakhon Pathom","cumulative_Lag 3","1.0244","0.9512","1.1032"
"Nakhon Phanom","cumulative_Lag 3","1.0792","1.0065","1.1571"
"Nakhon Ratchasima","cumulative_Lag 3","0.9924","0.9526","1.034"
"Nakhon Sawan","cumulative_Lag 3","1.0174","0.9544","1.0845"
"Nakhon Si Thammarat","cumulative_Lag 3","0.9749","0.8181","1.1618"
"Nan","cumulative_Lag 3","0.9775","0.9347","1.0222"
"Narathiwat","cumulative_Lag 3","0.9724","0.8263","1.1442"
"Nong Khai","cumulative_Lag 3","1.0069","0.9538","1.0629"
"Pathum Thani","cumulative_Lag 3","0.9728","0.8936","1.0591"
"Phayao","cumulative_Lag 3","1.021","0.9694","1.0754"
"Phetchabun","cumulative_Lag 3","1.0839","0.9529","1.2329"
"Phichit","cumulative_Lag 3","0.9755","0.8272","1.1503"
"Phitsanulok","cumulative_Lag 3","1.0077","0.9423","1.0776"
"Phra Nakhon Si Ayutthaya","cumulative_Lag 3","0.9867","0.9181","1.0603"
"Phrae","cumulative_Lag 3","1.0225","0.9623","1.0865"
"Phuket","cumulative_Lag 3","1.0945","0.8515","1.4068"
"Prachin Buri","cumulative_Lag 3","0.9409","0.8699","1.0177"
"Prachuap Khiri Khan","cumulative_Lag 3","1.1536","0.9334","1.4256"
"Ratchaburi","cumulative_Lag 3","1.0131","0.9478","1.0829"
"Rayong","cumulative_Lag 3","0.9733","0.8917","1.0624"
"Sa Kaeo","cumulative_Lag 3","1.1922","1.078","1.3184"
"Sakon Nakhon","cumulative_Lag 3","1.0234","0.9212","1.137"
"Samut Prakan","cumulative_Lag 3","1.0228","0.9618","1.0877"
"Samut Songkhram","cumulative_Lag 3","1.2284","1.0901","1.3842"
"Satun","cumulative_Lag 3","0.684","0.5556","0.842"
"Songkhla","cumulative_Lag 3","0.9566","0.843","1.0856"
"Sukhothai","cumulative_Lag 3","0.9601","0.8805","1.0469"
"Suphan Buri","cumulative_Lag 3","1.0066","0.9156","1.1066"
"Surat Thani","cumulative_Lag 3","0.9996","0.8732","1.1444"
"Tak","cumulative_Lag 3","0.9977","0.9291","1.0714"
"Trang","cumulative_Lag 3","1.1878","0.8715","1.6189"
"Trat","cumulative_Lag 3","0.8619","0.6977","1.0648"
"Ubon Ratchathani","cumulative_Lag 3","1.0261","0.9862","1.0676"
"Udon Thani","cumulative_Lag 3","0.9448","0.8703","1.0257"
"Uthai Thani","cumulative_Lag 3","1.0169","0.8485","1.2187"
"Uttaradit","cumulative_Lag 3","0.9837","0.8828","1.0962"
"Yala","cumulative_Lag 3","0.8978","0.7509","1.0734"
