"Province","cumulative_Lag","RR","Lower","Upper"
"Bangkok","cumulative_Lag 5","1.0228","0.9821","1.0651"
"Buri Ram","cumulative_Lag 5","1.191","1.0094","1.4053"
"Chachoengsao","cumulative_Lag 5","1.0177","0.9242","1.1206"
"Chanthaburi","cumulative_Lag 5","0.9785","0.7455","1.2845"
"Chiang Mai","cumulative_Lag 5","1.0151","0.9766","1.055"
"Chiang Rai","cumulative_Lag 5","0.9966","0.971","1.0229"
"Chon Buri","cumulative_Lag 5","0.9611","0.8913","1.0364"
"Kamphaeng Phet","cumulative_Lag 5","1.0263","0.8581","1.2275"
"Kanchanaburi","cumulative_Lag 5","0.9758","0.8975","1.0609"
"Khon Kaen","cumulative_Lag 5","1.0336","0.9853","1.0842"
"Lampang","cumulative_Lag 5","1.0077","0.9516","1.0672"
"Lamphun","cumulative_Lag 5","0.9757","0.9121","1.0436"
"Loei","cumulative_Lag 5","1.0208","0.9665","1.0781"
"Lop Buri","cumulative_Lag 5","1.1315","0.9654","1.3261"
"Mae Hong Son","cumulative_Lag 5","0.9827","0.934","1.034"
"Mukdahan","cumulative_Lag 5","0.9399","0.6454","1.3687"
"Nakhon Pathom","cumulative_Lag 5","1.0289","0.9488","1.1159"
"Nakhon Phanom","cumulative_Lag 5","1.0728","0.9896","1.1631"
"Nakhon Ratchasima","cumulative_Lag 5","1.009","0.9628","1.0575"
"Nakhon Sawan","cumulative_Lag 5","1.0168","0.9445","1.0947"
"Nakhon Si Thammarat","cumulative_Lag 5","1.1124","0.9138","1.3541"
"Nan","cumulative_Lag 5","0.9502","0.9015","1.0016"
"Narathiwat","cumulative_Lag 5","1.0045","0.8362","1.2066"
"Nong Khai","cumulative_Lag 5","1.0093","0.9492","1.0732"
"Pathum Thani","cumulative_Lag 5","1.008","0.9157","1.1095"
"Phayao","cumulative_Lag 5","1.0442","0.9854","1.1065"
"Phetchabun","cumulative_Lag 5","1.038","0.8927","1.207"
"Phichit","cumulative_Lag 5","1.0272","0.8411","1.2544"
"Phitsanulok","cumulative_Lag 5","0.9843","0.9113","1.0632"
"Phra Nakhon Si Ayutthaya","cumulative_Lag 5","1.0383","0.9575","1.1259"
"Phrae","cumulative_Lag 5","1.0474","0.9789","1.1206"
"Phuket","cumulative_Lag 5","1.1829","0.8711","1.6064"
"Prachin Buri","cumulative_Lag 5","0.9482","0.8703","1.0331"
"Prachuap Khiri Khan","cumulative_Lag 5","1.1116","0.8757","1.4111"
"Ratchaburi","cumulative_Lag 5","1.0408","0.9669","1.1204"
"Rayong","cumulative_Lag 5","0.9465","0.8587","1.0433"
"Sa Kaeo","cumulative_Lag 5","1.1811","1.0485","1.3305"
"Sakon Nakhon","cumulative_Lag 5","1.0095","0.8946","1.1392"
"Samut Prakan","cumulative_Lag 5","1.0338","0.9653","1.1071"
"Samut Songkhram","cumulative_Lag 5","1.2618","1.1049","1.4408"
"Satun","cumulative_Lag 5","0.7431","0.588","0.9391"
"Songkhla","cumulative_Lag 5","0.9645","0.8362","1.1125"
"Sukhothai","cumulative_Lag 5","0.9413","0.852","1.04"
"Suphan Buri","cumulative_Lag 5","0.9869","0.8901","1.0942"
"Surat Thani","cumulative_Lag 5","0.9827","0.8398","1.1498"
"Tak","cumulative_Lag 5","0.9384","0.8659","1.017"
"Trang","cumulative_Lag 5","1.1313","0.8003","1.5993"
"Trat","cumulative_Lag 5","1.1213","0.8858","1.4193"
"Ubon Ratchathani","cumulative_Lag 5","1.045","0.9975","1.0947"
"Udon Thani","cumulative_Lag 5","0.8875","0.805","0.9785"
"Uthai Thani","cumulative_Lag 5","1.0276","0.8294","1.2733"
"Uttaradit","cumulative_Lag 5","0.9576","0.8457","1.0843"
"Yala","cumulative_Lag 5","1.058","0.8632","1.2967"
