"Province","cumulative_Lag","RR","Lower","Upper"
"Bangkok","cumulative_Lag 0","1.0166","0.9919","1.0419"
"Buri Ram","cumulative_Lag 0","1.0685","0.9862","1.1577"
"Chachoengsao","cumulative_Lag 0","0.9749","0.9208","1.0321"
"Chanthaburi","cumulative_Lag 0","1.2171","1.0308","1.437"
"Chiang Mai","cumulative_Lag 0","0.9965","0.9734","1.0202"
"Chiang Rai","cumulative_Lag 0","1.0038","0.9859","1.022"
"Chon Buri","cumulative_Lag 0","0.9694","0.9289","1.0116"
"Kamphaeng Phet","cumulative_Lag 0","1.0002","0.9252","1.0812"
"Kanchanaburi","cumulative_Lag 0","1.0048","0.9528","1.0597"
"Khon Kaen","cumulative_Lag 0","1.0171","0.9902","1.0447"
"Lampang","cumulative_Lag 0","0.9871","0.9534","1.0221"
"Lamphun","cumulative_Lag 0","1.0155","0.9774","1.0549"
"Loei","cumulative_Lag 0","0.9859","0.9546","1.0181"
"Lop Buri","cumulative_Lag 0","0.9858","0.9068","1.0717"
"Mae Hong Son","cumulative_Lag 0","0.9604","0.9274","0.9945"
"Mukdahan","cumulative_Lag 0","1.076","0.902","1.2835"
"Nakhon Pathom","cumulative_Lag 0","1.0044","0.9558","1.0554"
"Nakhon Phanom","cumulative_Lag 0","1.0253","0.9828","1.0697"
"Nakhon Ratchasima","cumulative_Lag 0","0.9807","0.9533","1.009"
"Nakhon Sawan","cumulative_Lag 0","1.0058","0.9657","1.0476"
"Nakhon Si Thammarat","cumulative_Lag 0","0.8842","0.7876","0.9927"
"Nan","cumulative_Lag 0","1.0092","0.9793","1.04"
"Narathiwat","cumulative_Lag 0","0.9605","0.8615","1.071"
"Nong Khai","cumulative_Lag 0","0.9914","0.9581","1.0259"
"Pathum Thani","cumulative_Lag 0","0.9549","0.9007","1.0123"
"Phayao","cumulative_Lag 0","0.985","0.9509","1.0204"
"Phetchabun","cumulative_Lag 0","1.0765","0.9991","1.16"
"Phichit","cumulative_Lag 0","0.9717","0.879","1.0742"
"Phitsanulok","cumulative_Lag 0","1.0158","0.9708","1.0629"
"Phra Nakhon Si Ayutthaya","cumulative_Lag 0","0.9463","0.9025","0.9921"
"Phrae","cumulative_Lag 0","0.9955","0.9566","1.036"
"Phuket","cumulative_Lag 0","0.9572","0.8191","1.1185"
"Prachin Buri","cumulative_Lag 0","0.9632","0.9116","1.0176"
"Prachuap Khiri Khan","cumulative_Lag 0","1.0513","0.9052","1.221"
"Ratchaburi","cumulative_Lag 0","0.9806","0.9364","1.0269"
"Rayong","cumulative_Lag 0","1.0158","0.9583","1.0768"
"Sa Kaeo","cumulative_Lag 0","1.0871","1.0103","1.1698"
"Sakon Nakhon","cumulative_Lag 0","1.0136","0.9481","1.0836"
"Samut Prakan","cumulative_Lag 0","1.0051","0.9652","1.0466"
"Samut Songkhram","cumulative_Lag 0","1.084","1.0002","1.1748"
"Satun","cumulative_Lag 0","0.7894","0.6949","0.8966"
"Songkhla","cumulative_Lag 0","0.9631","0.8842","1.0491"
"Sukhothai","cumulative_Lag 0","1.0025","0.952","1.0557"
"Suphan Buri","cumulative_Lag 0","1.0093","0.9497","1.0727"
"Surat Thani","cumulative_Lag 0","1.0194","0.9364","1.1098"
"Tak","cumulative_Lag 0","1.0395","0.9931","1.0881"
"Trang","cumulative_Lag 0","1.1814","0.9584","1.4564"
"Trat","cumulative_Lag 0","0.7292","0.6129","0.8676"
"Ubon Ratchathani","cumulative_Lag 0","0.9993","0.975","1.0242"
"Udon Thani","cumulative_Lag 0","1.0175","0.9639","1.074"
"Uthai Thani","cumulative_Lag 0","0.9868","0.8816","1.1045"
"Uttaradit","cumulative_Lag 0","0.9925","0.9216","1.0687"
"Yala","cumulative_Lag 0","0.8549","0.7556","0.9673"
