"Province","cumulative_Lag","RR","Lower","Upper"
"Bangkok","cumulative_Lag 6","1.0309","0.9886","1.0751"
"Buri Ram","cumulative_Lag 6","1.1559","0.9832","1.3589"
"Chachoengsao","cumulative_Lag 6","0.9874","0.8937","1.0909"
"Chanthaburi","cumulative_Lag 6","0.9323","0.7313","1.1886"
"Chiang Mai","cumulative_Lag 6","1.0076","0.9702","1.0464"
"Chiang Rai","cumulative_Lag 6","0.9923","0.9681","1.0172"
"Chon Buri","cumulative_Lag 6","0.9499","0.879","1.0265"
"Kamphaeng Phet","cumulative_Lag 6","0.9954","0.8257","1.1999"
"Kanchanaburi","cumulative_Lag 6","0.9792","0.8995","1.0659"
"Khon Kaen","cumulative_Lag 6","1.0302","0.9802","1.0828"
"Lampang","cumulative_Lag 6","1.0014","0.9449","1.0613"
"Lamphun","cumulative_Lag 6","0.9816","0.9177","1.05"
"Loei","cumulative_Lag 6","1.0149","0.9588","1.0743"
"Lop Buri","cumulative_Lag 6","1.1222","0.9544","1.3195"
"Mae Hong Son","cumulative_Lag 6","0.965","0.9194","1.0129"
"Mukdahan","cumulative_Lag 6","0.9914","0.6728","1.4609"
"Nakhon Pathom","cumulative_Lag 6","1.0232","0.9429","1.1104"
"Nakhon Phanom","cumulative_Lag 6","1.0492","0.9643","1.1415"
"Nakhon Ratchasima","cumulative_Lag 6","1.0019","0.9559","1.0501"
"Nakhon Sawan","cumulative_Lag 6","1.0128","0.9402","1.0911"
"Nakhon Si Thammarat","cumulative_Lag 6","1.0787","0.8889","1.3091"
"Nan","cumulative_Lag 6","0.9495","0.9012","1.0003"
"Narathiwat","cumulative_Lag 6","0.9967","0.8321","1.1939"
"Nong Khai","cumulative_Lag 6","0.9928","0.9331","1.0564"
"Pathum Thani","cumulative_Lag 6","0.9935","0.9037","1.0923"
"Phayao","cumulative_Lag 6","1.0294","0.9712","1.091"
"Phetchabun","cumulative_Lag 6","1.0501","0.9036","1.2203"
"Phichit","cumulative_Lag 6","1.0597","0.8698","1.2911"
"Phitsanulok","cumulative_Lag 6","0.9773","0.9058","1.0545"
"Phra Nakhon Si Ayutthaya","cumulative_Lag 6","1.0159","0.9359","1.1027"
"Phrae","cumulative_Lag 6","1.0515","0.9813","1.1267"
"Phuket","cumulative_Lag 6","1.1264","0.8276","1.5331"
"Prachin Buri","cumulative_Lag 6","0.9411","0.8643","1.0248"
"Prachuap Khiri Khan","cumulative_Lag 6","1.0399","0.8291","1.3041"
"Ratchaburi","cumulative_Lag 6","1.0299","0.9585","1.1066"
"Rayong","cumulative_Lag 6","0.9593","0.868","1.0603"
"Sa Kaeo","cumulative_Lag 6","1.1767","1.0476","1.3218"
"Sakon Nakhon","cumulative_Lag 6","0.9986","0.8794","1.1339"
"Samut Prakan","cumulative_Lag 6","1.0379","0.9665","1.1146"
"Samut Songkhram","cumulative_Lag 6","1.2759","1.1119","1.4642"
"Satun","cumulative_Lag 6","0.7346","0.5811","0.9287"
"Songkhla","cumulative_Lag 6","0.9459","0.8131","1.1003"
"Sukhothai","cumulative_Lag 6","0.9521","0.866","1.0469"
"Suphan Buri","cumulative_Lag 6","0.9745","0.8796","1.0797"
"Surat Thani","cumulative_Lag 6","0.9946","0.8454","1.1702"
"Tak","cumulative_Lag 6","0.9331","0.8613","1.0109"
"Trang","cumulative_Lag 6","1.2383","0.8748","1.7529"
"Trat","cumulative_Lag 6","1.01","0.8127","1.2552"
"Ubon Ratchathani","cumulative_Lag 6","1.046","0.996","1.0985"
"Udon Thani","cumulative_Lag 6","0.8858","0.8011","0.9794"
"Uthai Thani","cumulative_Lag 6","1.0052","0.8157","1.2386"
"Uttaradit","cumulative_Lag 6","0.9278","0.8195","1.0505"
"Yala","cumulative_Lag 6","1.0713","0.8715","1.317"
