"Province","cumulative_Lag","RR","Lower","Upper"
"Bangkok","cumulative_Lag 7","1.0475","0.9968","1.1008"
"Buri Ram","cumulative_Lag 7","1.1007","0.9324","1.2995"
"Chachoengsao","cumulative_Lag 7","0.9279","0.8241","1.0447"
"Chanthaburi","cumulative_Lag 7","0.943","0.7395","1.2025"
"Chiang Mai","cumulative_Lag 7","0.9917","0.9511","1.0342"
"Chiang Rai","cumulative_Lag 7","0.9878","0.9602","1.0161"
"Chon Buri","cumulative_Lag 7","0.9261","0.8468","1.0128"
"Kamphaeng Phet","cumulative_Lag 7","0.9438","0.7695","1.1576"
"Kanchanaburi","cumulative_Lag 7","0.9908","0.8971","1.0943"
"Khon Kaen","cumulative_Lag 7","1.0267","0.9689","1.0878"
"Lampang","cumulative_Lag 7","0.9846","0.9214","1.0521"
"Lamphun","cumulative_Lag 7","1.002","0.9274","1.0826"
"Loei","cumulative_Lag 7","0.9959","0.9299","1.0666"
"Lop Buri","cumulative_Lag 7","1.0778","0.8974","1.2945"
"Mae Hong Son","cumulative_Lag 7","0.924","0.8689","0.9826"
"Mukdahan","cumulative_Lag 7","1.1259","0.7298","1.737"
"Nakhon Pathom","cumulative_Lag 7","1.0111","0.9198","1.1115"
"Nakhon Phanom","cumulative_Lag 7","1.0113","0.9178","1.1143"
"Nakhon Ratchasima","cumulative_Lag 7","0.9808","0.9297","1.0346"
"Nakhon Sawan","cumulative_Lag 7","1.0062","0.9256","1.0938"
"Nakhon Si Thammarat","cumulative_Lag 7","0.9565","0.77","1.1882"
"Nan","cumulative_Lag 7","0.9603","0.9065","1.0173"
"Narathiwat","cumulative_Lag 7","0.9668","0.788","1.1861"
"Nong Khai","cumulative_Lag 7","0.962","0.8958","1.0329"
"Pathum Thani","cumulative_Lag 7","0.9504","0.8529","1.0591"
"Phayao","cumulative_Lag 7","0.9922","0.9241","1.0654"
"Phetchabun","cumulative_Lag 7","1.0971","0.9339","1.2889"
"Phichit","cumulative_Lag 7","1.095","0.8893","1.3483"
"Phitsanulok","cumulative_Lag 7","0.9756","0.8972","1.0607"
"Phra Nakhon Si Ayutthaya","cumulative_Lag 7","0.9519","0.8664","1.0458"
"Phrae","cumulative_Lag 7","1.0477","0.9676","1.1344"
"Phuket","cumulative_Lag 7","0.9935","0.705","1.4"
"Prachin Buri","cumulative_Lag 7","0.9234","0.8373","1.0183"
"Prachuap Khiri Khan","cumulative_Lag 7","0.9382","0.7383","1.1923"
"Ratchaburi","cumulative_Lag 7","0.9972","0.9182","1.083"
"Rayong","cumulative_Lag 7","0.9961","0.8874","1.1182"
"Sa Kaeo","cumulative_Lag 7","1.1787","1.0381","1.3384"
"Sakon Nakhon","cumulative_Lag 7","0.9856","0.8487","1.1445"
"Samut Prakan","cumulative_Lag 7","1.0408","0.9563","1.1328"
"Samut Songkhram","cumulative_Lag 7","1.2924","1.098","1.5213"
"Satun","cumulative_Lag 7","0.6853","0.5247","0.895"
"Songkhla","cumulative_Lag 7","0.9077","0.7559","1.0901"
"Sukhothai","cumulative_Lag 7","0.9808","0.8927","1.0775"
"Suphan Buri","cumulative_Lag 7","0.9612","0.8564","1.0789"
"Surat Thani","cumulative_Lag 7","1.0255","0.8513","1.2353"
"Tak","cumulative_Lag 7","0.9506","0.8706","1.0379"
"Trang","cumulative_Lag 7","1.5048","1.0195","2.2212"
"Trat","cumulative_Lag 7","0.7315","0.5792","0.9238"
"Ubon Ratchathani","cumulative_Lag 7","1.0395","0.9821","1.1002"
"Udon Thani","cumulative_Lag 7","0.908","0.8112","1.0163"
"Uthai Thani","cumulative_Lag 7","0.9603","0.7739","1.1915"
"Uttaradit","cumulative_Lag 7","0.886","0.768","1.0221"
"Yala","cumulative_Lag 7","1.0116","0.7987","1.2812"
