"Province","cumulative_Lag","RR","Lower","Upper"
"Bangkok","cumulative_Lag 2","1.0267","0.989","1.0658"
"Buri Ram","cumulative_Lag 2","1.1697","1.0265","1.3329"
"Chachoengsao","cumulative_Lag 2","0.9837","0.9012","1.0737"
"Chanthaburi","cumulative_Lag 2","1.3045","1.0262","1.6582"
"Chiang Mai","cumulative_Lag 2","1.0032","0.9679","1.0397"
"Chiang Rai","cumulative_Lag 2","1.0053","0.9799","1.0313"
"Chon Buri","cumulative_Lag 2","0.9513","0.8905","1.0164"
"Kamphaeng Phet","cumulative_Lag 2","1.0202","0.895","1.163"
"Kanchanaburi","cumulative_Lag 2","0.9966","0.9197","1.08"
"Khon Kaen","cumulative_Lag 2","1.0351","0.9921","1.0799"
"Lampang","cumulative_Lag 2","0.9881","0.9368","1.0421"
"Lamphun","cumulative_Lag 2","1.0095","0.9531","1.0691"
"Loei","cumulative_Lag 2","0.9906","0.9419","1.0418"
"Lop Buri","cumulative_Lag 2","1.0269","0.9001","1.1716"
"Mae Hong Son","cumulative_Lag 2","0.9491","0.9027","0.998"
"Mukdahan","cumulative_Lag 2","1.0569","0.7771","1.4374"
"Nakhon Pathom","cumulative_Lag 2","1.0175","0.9429","1.0981"
"Nakhon Phanom","cumulative_Lag 2","1.0667","0.9962","1.1422"
"Nakhon Ratchasima","cumulative_Lag 2","0.9804","0.9399","1.0227"
"Nakhon Sawan","cumulative_Lag 2","1.0147","0.9523","1.0812"
"Nakhon Si Thammarat","cumulative_Lag 2","0.893","0.7479","1.0663"
"Nan","cumulative_Lag 2","0.9948","0.9509","1.0406"
"Narathiwat","cumulative_Lag 2","0.9529","0.8079","1.1241"
"Nong Khai","cumulative_Lag 2","0.9978","0.9455","1.053"
"Pathum Thani","cumulative_Lag 2","0.949","0.8697","1.0355"
"Phayao","cumulative_Lag 2","1.0002","0.9485","1.0546"
"Phetchabun","cumulative_Lag 2","1.1105","0.9824","1.2553"
"Phichit","cumulative_Lag 2","0.9615","0.8211","1.1258"
"Phitsanulok","cumulative_Lag 2","1.0177","0.9507","1.0895"
"Phra Nakhon Si Ayutthaya","cumulative_Lag 2","0.9499","0.883","1.0219"
"Phrae","cumulative_Lag 2","1.0086","0.9481","1.0729"
"Phuket","cumulative_Lag 2","1.0179","0.7992","1.2964"
"Prachin Buri","cumulative_Lag 2","0.9376","0.8636","1.0179"
"Prachuap Khiri Khan","cumulative_Lag 2","1.1332","0.9096","1.4118"
"Ratchaburi","cumulative_Lag 2","0.992","0.9259","1.0627"
"Rayong","cumulative_Lag 2","0.9969","0.9112","1.0906"
"Sa Kaeo","cumulative_Lag 2","1.1819","1.0642","1.3126"
"Sakon Nakhon","cumulative_Lag 2","1.025","0.9226","1.1387"
"Samut Prakan","cumulative_Lag 2","1.0167","0.9548","1.0826"
"Samut Songkhram","cumulative_Lag 2","1.198","1.0591","1.355"
"Satun","cumulative_Lag 2","0.6664","0.5434","0.8173"
"Songkhla","cumulative_Lag 2","0.947","0.8311","1.0791"
"Sukhothai","cumulative_Lag 2","0.9787","0.9006","1.0636"
"Suphan Buri","cumulative_Lag 2","1.0121","0.9197","1.1137"
"Surat Thani","cumulative_Lag 2","1.0149","0.8877","1.1604"
"Tak","cumulative_Lag 2","1.0313","0.9603","1.1075"
"Trang","cumulative_Lag 2","1.2554","0.9131","1.7261"
"Trat","cumulative_Lag 2","0.715","0.5643","0.9059"
"Ubon Ratchathani","cumulative_Lag 2","1.0139","0.975","1.0543"
"Udon Thani","cumulative_Lag 2","0.9826","0.9048","1.0672"
"Uthai Thani","cumulative_Lag 2","0.9998","0.8385","1.1922"
"Uttaradit","cumulative_Lag 2","0.9866","0.8832","1.102"
"Yala","cumulative_Lag 2","0.8273","0.6877","0.9953"
