"Province","cumulative_Lag","RR","Lower","Upper"
"Bangkok","cumulative_Lag 4","1.0214","0.9834","1.0609"
"Buri Ram","cumulative_Lag 4","1.2045","1.0321","1.4057"
"Chachoengsao","cumulative_Lag 4","1.0205","0.9325","1.1168"
"Chanthaburi","cumulative_Lag 4","1.0747","0.8296","1.3922"
"Chiang Mai","cumulative_Lag 4","1.0151","0.9786","1.053"
"Chiang Rai","cumulative_Lag 4","1.0004","0.9759","1.0254"
"Chon Buri","cumulative_Lag 4","0.9616","0.8965","1.0316"
"Kamphaeng Phet","cumulative_Lag 4","1.0372","0.8822","1.2194"
"Kanchanaburi","cumulative_Lag 4","0.9793","0.9048","1.06"
"Khon Kaen","cumulative_Lag 4","1.0362","0.9909","1.0835"
"Lampang","cumulative_Lag 4","1.0051","0.9522","1.0608"
"Lamphun","cumulative_Lag 4","0.9816","0.9221","1.045"
"Loei","cumulative_Lag 4","1.0155","0.9644","1.0693"
"Lop Buri","cumulative_Lag 4","1.11","0.9582","1.2858"
"Mae Hong Son","cumulative_Lag 4","0.9798","0.9328","1.0293"
"Mukdahan","cumulative_Lag 4","0.9488","0.6662","1.3513"
"Nakhon Pathom","cumulative_Lag 4","1.0289","0.9526","1.1112"
"Nakhon Phanom","cumulative_Lag 4","1.0823","1.0042","1.1665"
"Nakhon Ratchasima","cumulative_Lag 4","1.0043","0.9613","1.0492"
"Nakhon Sawan","cumulative_Lag 4","1.0182","0.9504","1.0908"
"Nakhon Si Thammarat","cumulative_Lag 4","1.0647","0.8837","1.2827"
"Nan","cumulative_Lag 4","0.9607","0.915","1.0088"
"Narathiwat","cumulative_Lag 4","0.9935","0.8355","1.1815"
"Nong Khai","cumulative_Lag 4","1.0127","0.9558","1.073"
"Pathum Thani","cumulative_Lag 4","0.9976","0.9113","1.0919"
"Phayao","cumulative_Lag 4","1.0391","0.9836","1.0978"
"Phetchabun","cumulative_Lag 4","1.0534","0.9146","1.2132"
"Phichit","cumulative_Lag 4","0.9984","0.8301","1.2007"
"Phitsanulok","cumulative_Lag 4","0.9953","0.9261","1.0696"
"Phra Nakhon Si Ayutthaya","cumulative_Lag 4","1.0234","0.9484","1.1044"
"Phrae","cumulative_Lag 4","1.0368","0.9729","1.1048"
"Phuket","cumulative_Lag 4","1.1631","0.878","1.5407"
"Prachin Buri","cumulative_Lag 4","0.9466","0.8727","1.0269"
"Prachuap Khiri Khan","cumulative_Lag 4","1.1489","0.9171","1.4393"
"Ratchaburi","cumulative_Lag 4","1.0329","0.963","1.1078"
"Rayong","cumulative_Lag 4","0.9533","0.8701","1.0445"
"Sa Kaeo","cumulative_Lag 4","1.1885","1.0651","1.3262"
"Sakon Nakhon","cumulative_Lag 4","1.018","0.9101","1.1386"
"Samut Prakan","cumulative_Lag 4","1.0287","0.9646","1.097"
"Samut Songkhram","cumulative_Lag 4","1.2475","1.1016","1.4127"
"Satun","cumulative_Lag 4","0.719","0.5757","0.8978"
"Songkhla","cumulative_Lag 4","0.9659","0.8461","1.1025"
"Sukhothai","cumulative_Lag 4","0.9455","0.8602","1.0392"
"Suphan Buri","cumulative_Lag 4","0.9978","0.9038","1.1015"
"Surat Thani","cumulative_Lag 4","0.9862","0.8526","1.1407"
"Tak","cumulative_Lag 4","0.9625","0.8922","1.0383"
"Trang","cumulative_Lag 4","1.1283","0.815","1.5622"
"Trat","cumulative_Lag 4","1.038","0.8325","1.2943"
"Ubon Ratchathani","cumulative_Lag 4","1.0376","0.9942","1.0829"
"Udon Thani","cumulative_Lag 4","0.9094","0.8318","0.9944"
"Uthai Thani","cumulative_Lag 4","1.0294","0.843","1.257"
"Uttaradit","cumulative_Lag 4","0.9754","0.8685","1.0955"
"Yala","cumulative_Lag 4","0.9881","0.8178","1.1939"
