"Province","cumulative_Lag","RR","Lower","Upper"
"Bangkok","cumulative_Lag 1","1.0251","0.989","1.0625"
"Buri Ram","cumulative_Lag 1","1.126","1","1.268"
"Chachoengsao","cumulative_Lag 1","0.971","0.8934","1.0553"
"Chanthaburi","cumulative_Lag 1","1.3234","1.0456","1.6749"
"Chiang Mai","cumulative_Lag 1","0.9979","0.9644","1.0326"
"Chiang Rai","cumulative_Lag 1","1.0055","0.9802","1.0315"
"Chon Buri","cumulative_Lag 1","0.9542","0.8965","1.0156"
"Kamphaeng Phet","cumulative_Lag 1","1.0077","0.8967","1.1325"
"Kanchanaburi","cumulative_Lag 1","1.0032","0.9286","1.0839"
"Khon Kaen","cumulative_Lag 1","1.0287","0.9887","1.0702"
"Lampang","cumulative_Lag 1","0.9837","0.9351","1.0349"
"Lamphun","cumulative_Lag 1","1.0179","0.9634","1.0754"
"Loei","cumulative_Lag 1","0.9834","0.9379","1.0311"
"Lop Buri","cumulative_Lag 1","0.9961","0.8811","1.1262"
"Mae Hong Son","cumulative_Lag 1","0.9451","0.8993","0.9933"
"Mukdahan","cumulative_Lag 1","1.0919","0.8335","1.4306"
"Nakhon Pathom","cumulative_Lag 1","1.0104","0.9398","1.0864"
"Nakhon Phanom","cumulative_Lag 1","1.048","0.984","1.1161"
"Nakhon Ratchasima","cumulative_Lag 1","0.9751","0.936","1.0157"
"Nakhon Sawan","cumulative_Lag 1","1.0108","0.9523","1.0728"
"Nakhon Si Thammarat","cumulative_Lag 1","0.8558","0.7231","1.0128"
"Nan","cumulative_Lag 1","1.0068","0.9641","1.0513"
"Narathiwat","cumulative_Lag 1","0.9465","0.8083","1.1083"
"Nong Khai","cumulative_Lag 1","0.9913","0.9427","1.0425"
"Pathum Thani","cumulative_Lag 1","0.9399","0.864","1.0225"
"Phayao","cumulative_Lag 1","0.9861","0.9371","1.0377"
"Phetchabun","cumulative_Lag 1","1.1125","0.9954","1.2434"
"Phichit","cumulative_Lag 1","0.9594","0.8287","1.1109"
"Phitsanulok","cumulative_Lag 1","1.0213","0.9566","1.0904"
"Phra Nakhon Si Ayutthaya","cumulative_Lag 1","0.9324","0.8701","0.9992"
"Phrae","cumulative_Lag 1","0.9988","0.9421","1.0589"
"Phuket","cumulative_Lag 1","0.9664","0.7705","1.212"
"Prachin Buri","cumulative_Lag 1","0.9435","0.8713","1.0216"
"Prachuap Khiri Khan","cumulative_Lag 1","1.0969","0.8852","1.3594"
"Ratchaburi","cumulative_Lag 1","0.9791","0.916","1.0465"
"Rayong","cumulative_Lag 1","1.0136","0.9307","1.1038"
"Sa Kaeo","cumulative_Lag 1","1.1483","1.0349","1.2742"
"Sakon Nakhon","cumulative_Lag 1","1.0219","0.9262","1.1275"
"Samut Prakan","cumulative_Lag 1","1.0107","0.9524","1.0725"
"Samut Songkhram","cumulative_Lag 1","1.1505","1.023","1.2939"
"Satun","cumulative_Lag 1","0.6927","0.5736","0.8364"
"Songkhla","cumulative_Lag 1","0.9469","0.8359","1.0727"
"Sukhothai","cumulative_Lag 1","0.9945","0.9214","1.0735"
"Suphan Buri","cumulative_Lag 1","1.0132","0.9263","1.1083"
"Surat Thani","cumulative_Lag 1","1.0235","0.9033","1.1597"
"Tak","cumulative_Lag 1","1.0486","0.9807","1.1213"
"Trang","cumulative_Lag 1","1.2674","0.9347","1.7184"
"Trat","cumulative_Lag 1","0.66","0.5175","0.8418"
"Ubon Ratchathani","cumulative_Lag 1","1.0043","0.9685","1.0414"
"Udon Thani","cumulative_Lag 1","1.0101","0.9337","1.0926"
"Uthai Thani","cumulative_Lag 1","0.9878","0.838","1.1644"
"Uttaradit","cumulative_Lag 1","0.9885","0.8884","1.0999"
"Yala","cumulative_Lag 1","0.8063","0.6745","0.9639"
