"Province","cumulative_Lag","RR","Lower","Upper"
"Bangkok","cumulative_Lag 7","1.0296","1.0019","1.058"
"Buri Ram","cumulative_Lag 7","1.1177","1.0236","1.2205"
"Chachoengsao","cumulative_Lag 7","1.0837","1.0175","1.1542"
"Chanthaburi","cumulative_Lag 7","1.0385","0.8907","1.2108"
"Chiang Mai","cumulative_Lag 7","1.0092","0.9844","1.0346"
"Chiang Rai","cumulative_Lag 7","0.9925","0.9768","1.0085"
"Chon Buri","cumulative_Lag 7","1.0681","1.0135","1.1256"
"Kamphaeng Phet","cumulative_Lag 7","1.0293","0.9045","1.1714"
"Kanchanaburi","cumulative_Lag 7","0.9925","0.9435","1.0441"
"Khon Kaen","cumulative_Lag 7","1.0245","0.9877","1.0627"
"Lampang","cumulative_Lag 7","1.0037","0.9637","1.0454"
"Lamphun","cumulative_Lag 7","1.03","0.979","1.0836"
"Loei","cumulative_Lag 7","1.0179","0.9706","1.0676"
"Lop Buri","cumulative_Lag 7","1.1188","1.0037","1.2472"
"Mae Hong Son","cumulative_Lag 7","1.0173","0.976","1.0602"
"Mukdahan","cumulative_Lag 7","1.0019","0.7434","1.3504"
"Nakhon Pathom","cumulative_Lag 7","1.079","1.0161","1.1458"
"Nakhon Phanom","cumulative_Lag 7","1.0424","0.9804","1.1082"
"Nakhon Ratchasima","cumulative_Lag 7","1.0573","1.0187","1.0974"
"Nakhon Sawan","cumulative_Lag 7","1.005","0.9459","1.0677"
"Nakhon Si Thammarat","cumulative_Lag 7","1.0872","0.9617","1.229"
"Nan","cumulative_Lag 7","0.9821","0.9432","1.0227"
"Narathiwat","cumulative_Lag 7","1.0844","0.9812","1.1983"
"Nong Khai","cumulative_Lag 7","1.0119","0.9651","1.061"
"Pathum Thani","cumulative_Lag 7","1.0286","0.9677","1.0932"
"Phayao","cumulative_Lag 7","0.9758","0.9333","1.0203"
"Phetchabun","cumulative_Lag 7","1.0503","0.9321","1.1834"
"Phichit","cumulative_Lag 7","1.0981","0.9542","1.2637"
"Phitsanulok","cumulative_Lag 7","1.0666","1.0141","1.1218"
"Phra Nakhon Si Ayutthaya","cumulative_Lag 7","1.0333","0.9775","1.0922"
"Phrae","cumulative_Lag 7","1.0408","0.9921","1.0918"
"Phuket","cumulative_Lag 7","1.0137","0.8191","1.2545"
"Prachin Buri","cumulative_Lag 7","1.0052","0.9421","1.0725"
"Prachuap Khiri Khan","cumulative_Lag 7","1.1953","1.0502","1.3604"
"Ratchaburi","cumulative_Lag 7","1.0393","1.0012","1.0789"
"Rayong","cumulative_Lag 7","1.1205","1.0388","1.2086"
"Sa Kaeo","cumulative_Lag 7","1.0646","0.9884","1.1466"
"Sakon Nakhon","cumulative_Lag 7","1.006","0.9093","1.113"
"Samut Prakan","cumulative_Lag 7","1.015","0.9632","1.0695"
"Samut Songkhram","cumulative_Lag 7","0.9916","0.8996","1.0929"
"Satun","cumulative_Lag 7","0.9763","0.8273","1.1521"
"Songkhla","cumulative_Lag 7","1.0952","0.9975","1.2024"
"Sukhothai","cumulative_Lag 7","1.0571","0.9917","1.1269"
"Suphan Buri","cumulative_Lag 7","1.1036","1.0343","1.1775"
"Surat Thani","cumulative_Lag 7","1.0509","0.9424","1.1718"
"Tak","cumulative_Lag 7","1.0131","0.9517","1.0784"
"Trang","cumulative_Lag 7","0.8535","0.6453","1.129"
"Trat","cumulative_Lag 7","1.0987","0.9223","1.3087"
"Ubon Ratchathani","cumulative_Lag 7","1.0136","0.9821","1.0461"
"Udon Thani","cumulative_Lag 7","1.0786","1.0104","1.1514"
"Uthai Thani","cumulative_Lag 7","1.0539","0.9151","1.2137"
"Uttaradit","cumulative_Lag 7","0.9448","0.8537","1.0457"
"Yala","cumulative_Lag 7","1.0106","0.9049","1.1287"
