"Province","cumulative_Lag","RR","Lower","Upper"
"Bangkok","cumulative_Lag 6","1.035","1.0112","1.0593"
"Buri Ram","cumulative_Lag 6","1.1259","1.0342","1.2258"
"Chachoengsao","cumulative_Lag 6","1.0752","1.0171","1.1365"
"Chanthaburi","cumulative_Lag 6","0.9806","0.8476","1.1346"
"Chiang Mai","cumulative_Lag 6","1.004","0.9818","1.0267"
"Chiang Rai","cumulative_Lag 6","0.9956","0.9817","1.0096"
"Chon Buri","cumulative_Lag 6","1.0488","1.0029","1.0968"
"Kamphaeng Phet","cumulative_Lag 6","0.9964","0.8815","1.1262"
"Kanchanaburi","cumulative_Lag 6","0.9925","0.9493","1.0377"
"Khon Kaen","cumulative_Lag 6","1.0234","0.9917","1.0561"
"Lampang","cumulative_Lag 6","0.9936","0.959","1.0294"
"Lamphun","cumulative_Lag 6","1.0404","0.9956","1.0872"
"Loei","cumulative_Lag 6","0.9982","0.9572","1.0409"
"Lop Buri","cumulative_Lag 6","1.0957","0.9949","1.2067"
"Mae Hong Son","cumulative_Lag 6","1.0224","0.9865","1.0596"
"Mukdahan","cumulative_Lag 6","0.9983","0.7654","1.3021"
"Nakhon Pathom","cumulative_Lag 6","1.0863","1.0313","1.1441"
"Nakhon Phanom","cumulative_Lag 6","1.0134","0.9588","1.0711"
"Nakhon Ratchasima","cumulative_Lag 6","1.0606","1.0267","1.0956"
"Nakhon Sawan","cumulative_Lag 6","0.9856","0.9341","1.04"
"Nakhon Si Thammarat","cumulative_Lag 6","1.0674","0.9554","1.1925"
"Nan","cumulative_Lag 6","0.9893","0.9559","1.0238"
"Narathiwat","cumulative_Lag 6","1.0686","0.9776","1.1681"
"Nong Khai","cumulative_Lag 6","1.0053","0.9646","1.0477"
"Pathum Thani","cumulative_Lag 6","1.0267","0.9731","1.0832"
"Phayao","cumulative_Lag 6","0.9729","0.9352","1.0122"
"Phetchabun","cumulative_Lag 6","1.043","0.9326","1.1665"
"Phichit","cumulative_Lag 6","1.053","0.924","1.2"
"Phitsanulok","cumulative_Lag 6","1.0623","1.0145","1.1123"
"Phra Nakhon Si Ayutthaya","cumulative_Lag 6","1.0431","0.9937","1.0948"
"Phrae","cumulative_Lag 6","1.0252","0.9828","1.0695"
"Phuket","cumulative_Lag 6","0.9729","0.8062","1.174"
"Prachin Buri","cumulative_Lag 6","1.0226","0.9669","1.0816"
"Prachuap Khiri Khan","cumulative_Lag 6","1.1658","1.0321","1.3169"
"Ratchaburi","cumulative_Lag 6","1.0107","0.9787","1.0437"
"Rayong","cumulative_Lag 6","1.0739","1.006","1.1463"
"Sa Kaeo","cumulative_Lag 6","1.0615","0.9961","1.1312"
"Sakon Nakhon","cumulative_Lag 6","1.0421","0.9569","1.1349"
"Samut Prakan","cumulative_Lag 6","1.0249","0.9794","1.0725"
"Samut Songkhram","cumulative_Lag 6","1.0301","0.9479","1.1195"
"Satun","cumulative_Lag 6","1.0052","0.8725","1.158"
"Songkhla","cumulative_Lag 6","1.0816","0.9995","1.1704"
"Sukhothai","cumulative_Lag 6","1.033","0.9679","1.1024"
"Suphan Buri","cumulative_Lag 6","1.0676","1.0053","1.1337"
"Surat Thani","cumulative_Lag 6","1.0171","0.9254","1.118"
"Tak","cumulative_Lag 6","0.9963","0.9407","1.0551"
"Trang","cumulative_Lag 6","0.8888","0.6924","1.1407"
"Trat","cumulative_Lag 6","1.1244","0.9657","1.3092"
"Ubon Ratchathani","cumulative_Lag 6","1.011","0.9838","1.0389"
"Udon Thani","cumulative_Lag 6","1.0525","0.9947","1.1137"
"Uthai Thani","cumulative_Lag 6","1.0175","0.8877","1.1662"
"Uttaradit","cumulative_Lag 6","0.9935","0.9087","1.0861"
"Yala","cumulative_Lag 6","1.0266","0.9334","1.129"
