"Province","cumulative_Lag","RR","Lower","Upper"
"Bangkok","cumulative_Lag 2","1.021","1.0005","1.042"
"Buri Ram","cumulative_Lag 2","1.112","1.0363","1.1933"
"Chachoengsao","cumulative_Lag 2","1.0974","1.0475","1.1496"
"Chanthaburi","cumulative_Lag 2","0.9878","0.8539","1.1427"
"Chiang Mai","cumulative_Lag 2","1.0224","1.0016","1.0436"
"Chiang Rai","cumulative_Lag 2","0.9958","0.981","1.0108"
"Chon Buri","cumulative_Lag 2","1.0443","1.0046","1.0856"
"Kamphaeng Phet","cumulative_Lag 2","0.9868","0.8987","1.0836"
"Kanchanaburi","cumulative_Lag 2","1.0079","0.9678","1.0496"
"Khon Kaen","cumulative_Lag 2","1.0327","1.0064","1.0598"
"Lampang","cumulative_Lag 2","0.9954","0.965","1.0268"
"Lamphun","cumulative_Lag 2","1.0105","0.9715","1.051"
"Loei","cumulative_Lag 2","1.007","0.973","1.0422"
"Lop Buri","cumulative_Lag 2","1.0812","1","1.169"
"Mae Hong Son","cumulative_Lag 2","0.9986","0.9643","1.0341"
"Mukdahan","cumulative_Lag 2","0.9702","0.7698","1.2226"
"Nakhon Pathom","cumulative_Lag 2","1.0549","1.007","1.1051"
"Nakhon Phanom","cumulative_Lag 2","0.9921","0.9498","1.0362"
"Nakhon Ratchasima","cumulative_Lag 2","1.06","1.0299","1.091"
"Nakhon Sawan","cumulative_Lag 2","1.0294","0.983","1.078"
"Nakhon Si Thammarat","cumulative_Lag 2","1.0355","0.9356","1.1459"
"Nan","cumulative_Lag 2","1.0093","0.978","1.0417"
"Narathiwat","cumulative_Lag 2","0.9817","0.9082","1.0612"
"Nong Khai","cumulative_Lag 2","1.0076","0.9716","1.0449"
"Pathum Thani","cumulative_Lag 2","0.9868","0.9403","1.0357"
"Phayao","cumulative_Lag 2","0.9975","0.9647","1.0313"
"Phetchabun","cumulative_Lag 2","1.0729","0.9786","1.1763"
"Phichit","cumulative_Lag 2","1.0347","0.9292","1.1522"
"Phitsanulok","cumulative_Lag 2","1.0405","0.9996","1.0831"
"Phra Nakhon Si Ayutthaya","cumulative_Lag 2","1.0295","0.9866","1.0743"
"Phrae","cumulative_Lag 2","1.0049","0.9695","1.0416"
"Phuket","cumulative_Lag 2","0.896","0.7646","1.0501"
"Prachin Buri","cumulative_Lag 2","1.0388","0.9871","1.0933"
"Prachuap Khiri Khan","cumulative_Lag 2","1.1137","0.9941","1.2477"
"Ratchaburi","cumulative_Lag 2","1.0398","1.0085","1.0721"
"Rayong","cumulative_Lag 2","1.0613","1.0009","1.1252"
"Sa Kaeo","cumulative_Lag 2","1.0443","0.983","1.1094"
"Sakon Nakhon","cumulative_Lag 2","0.9826","0.9143","1.056"
"Samut Prakan","cumulative_Lag 2","1.0312","0.9916","1.0723"
"Samut Songkhram","cumulative_Lag 2","0.9696","0.8959","1.0494"
"Satun","cumulative_Lag 2","1.0106","0.8967","1.1391"
"Songkhla","cumulative_Lag 2","1.0511","0.985","1.1216"
"Sukhothai","cumulative_Lag 2","1.0459","0.9943","1.1002"
"Suphan Buri","cumulative_Lag 2","1.0046","0.9522","1.0599"
"Surat Thani","cumulative_Lag 2","1.0056","0.9299","1.0876"
"Tak","cumulative_Lag 2","1.0036","0.9524","1.0576"
"Trang","cumulative_Lag 2","0.9955","0.8023","1.2354"
"Trat","cumulative_Lag 2","1.2318","1.0581","1.4339"
"Ubon Ratchathani","cumulative_Lag 2","1.0305","1.008","1.0536"
"Udon Thani","cumulative_Lag 2","1.0608","1.0112","1.1128"
"Uthai Thani","cumulative_Lag 2","1.0098","0.9023","1.1301"
"Uttaradit","cumulative_Lag 2","0.975","0.9014","1.0547"
"Yala","cumulative_Lag 2","1.0429","0.958","1.1353"
