"Province","cumulative_Lag","RR","Lower","Upper"
"Bangkok","cumulative_Lag 4","1.0336","1.0121","1.0556"
"Buri Ram","cumulative_Lag 4","1.1316","1.0436","1.2271"
"Chachoengsao","cumulative_Lag 4","1.0847","1.031","1.1411"
"Chanthaburi","cumulative_Lag 4","0.9513","0.8212","1.1019"
"Chiang Mai","cumulative_Lag 4","1.0096","0.9881","1.0316"
"Chiang Rai","cumulative_Lag 4","0.9972","0.9827","1.0119"
"Chon Buri","cumulative_Lag 4","1.0387","0.9975","1.0815"
"Kamphaeng Phet","cumulative_Lag 4","0.9736","0.8686","1.0913"
"Kanchanaburi","cumulative_Lag 4","0.999","0.9581","1.0418"
"Khon Kaen","cumulative_Lag 4","1.0283","1","1.0574"
"Lampang","cumulative_Lag 4","0.9884","0.9568","1.021"
"Lamphun","cumulative_Lag 4","1.0348","0.994","1.0773"
"Loei","cumulative_Lag 4","0.991","0.9546","1.0287"
"Lop Buri","cumulative_Lag 4","1.0816","0.9912","1.1803"
"Mae Hong Son","cumulative_Lag 4","1.0157","0.9804","1.0524"
"Mukdahan","cumulative_Lag 4","0.9833","0.7678","1.2593"
"Nakhon Pathom","cumulative_Lag 4","1.0809","1.0302","1.1341"
"Nakhon Phanom","cumulative_Lag 4","0.9884","0.9407","1.0386"
"Nakhon Ratchasima","cumulative_Lag 4","1.0657","1.0341","1.0982"
"Nakhon Sawan","cumulative_Lag 4","0.9934","0.9456","1.0436"
"Nakhon Si Thammarat","cumulative_Lag 4","1.0455","0.9402","1.1627"
"Nan","cumulative_Lag 4","1.0019","0.9696","1.0352"
"Narathiwat","cumulative_Lag 4","1.0234","0.942","1.1119"
"Nong Khai","cumulative_Lag 4","1.0028","0.965","1.0422"
"Pathum Thani","cumulative_Lag 4","1.0088","0.9596","1.0606"
"Phayao","cumulative_Lag 4","0.9808","0.947","1.0158"
"Phetchabun","cumulative_Lag 4","1.0548","0.9494","1.1718"
"Phichit","cumulative_Lag 4","1.0229","0.9068","1.1539"
"Phitsanulok","cumulative_Lag 4","1.0534","1.0089","1.0998"
"Phra Nakhon Si Ayutthaya","cumulative_Lag 4","1.0449","0.9992","1.0926"
"Phrae","cumulative_Lag 4","1.0087","0.9707","1.0482"
"Phuket","cumulative_Lag 4","0.9141","0.7711","1.0837"
"Prachin Buri","cumulative_Lag 4","1.0414","0.9885","1.0971"
"Prachuap Khiri Khan","cumulative_Lag 4","1.1353","1.0102","1.2759"
"Ratchaburi","cumulative_Lag 4","1.0083","0.9782","1.0392"
"Rayong","cumulative_Lag 4","1.0467","0.986","1.1111"
"Sa Kaeo","cumulative_Lag 4","1.0554","0.9944","1.1201"
"Sakon Nakhon","cumulative_Lag 4","1.0376","0.9614","1.1198"
"Samut Prakan","cumulative_Lag 4","1.0349","0.9931","1.0784"
"Samut Songkhram","cumulative_Lag 4","1.0259","0.9477","1.1106"
"Satun","cumulative_Lag 4","1.0248","0.9006","1.1662"
"Songkhla","cumulative_Lag 4","1.0647","0.9929","1.1416"
"Sukhothai","cumulative_Lag 4","1.0271","0.9658","1.0922"
"Suphan Buri","cumulative_Lag 4","1.0228","0.9655","1.0834"
"Surat Thani","cumulative_Lag 4","0.9942","0.9137","1.0817"
"Tak","cumulative_Lag 4","0.9899","0.9367","1.0461"
"Trang","cumulative_Lag 4","0.9513","0.7545","1.1996"
"Trat","cumulative_Lag 4","1.1952","1.0323","1.3838"
"Ubon Ratchathani","cumulative_Lag 4","1.0189","0.9945","1.0439"
"Udon Thani","cumulative_Lag 4","1.0446","0.993","1.0988"
"Uthai Thani","cumulative_Lag 4","0.9949","0.872","1.135"
"Uttaradit","cumulative_Lag 4","1.0133","0.9332","1.1002"
"Yala","cumulative_Lag 4","1.0447","0.9576","1.1396"
