"Province","cumulative_Lag","RR","Lower","Upper"
"Bangkok","cumulative_Lag 0","1.0159","1.0038","1.0281"
"Buri Ram","cumulative_Lag 0","1.0269","0.9846","1.0712"
"Chachoengsao","cumulative_Lag 0","1.0253","0.9968","1.0546"
"Chanthaburi","cumulative_Lag 0","1","0.9114","1.0973"
"Chiang Mai","cumulative_Lag 0","1.0104","0.9992","1.0218"
"Chiang Rai","cumulative_Lag 0","0.9952","0.9864","1.004"
"Chon Buri","cumulative_Lag 0","1.0292","1.0068","1.0521"
"Kamphaeng Phet","cumulative_Lag 0","0.9807","0.938","1.0253"
"Kanchanaburi","cumulative_Lag 0","1.0091","0.9847","1.0341"
"Khon Kaen","cumulative_Lag 0","1.0156","0.9999","1.0316"
"Lampang","cumulative_Lag 0","0.991","0.974","1.0082"
"Lamphun","cumulative_Lag 0","0.9896","0.9666","1.0131"
"Loei","cumulative_Lag 0","1.0142","0.9936","1.0352"
"Lop Buri","cumulative_Lag 0","1.073","1.0322","1.1154"
"Mae Hong Son","cumulative_Lag 0","1.0264","1.0047","1.0484"
"Mukdahan","cumulative_Lag 0","1.0253","0.9058","1.1607"
"Nakhon Pathom","cumulative_Lag 0","1.007","0.9816","1.033"
"Nakhon Phanom","cumulative_Lag 0","1.0111","0.9876","1.035"
"Nakhon Ratchasima","cumulative_Lag 0","1.0327","1.0164","1.0493"
"Nakhon Sawan","cumulative_Lag 0","1.0073","0.9845","1.0307"
"Nakhon Si Thammarat","cumulative_Lag 0","1.0737","1.0208","1.1294"
"Nan","cumulative_Lag 0","1.0007","0.9826","1.0191"
"Narathiwat","cumulative_Lag 0","1.0011","0.9552","1.0491"
"Nong Khai","cumulative_Lag 0","1.0325","1.0109","1.0545"
"Pathum Thani","cumulative_Lag 0","1.0023","0.9733","1.0321"
"Phayao","cumulative_Lag 0","1.0022","0.9835","1.0212"
"Phetchabun","cumulative_Lag 0","1.015","0.9688","1.0634"
"Phichit","cumulative_Lag 0","0.9852","0.9368","1.036"
"Phitsanulok","cumulative_Lag 0","1.0086","0.9892","1.0284"
"Phra Nakhon Si Ayutthaya","cumulative_Lag 0","1.0083","0.9813","1.0361"
"Phrae","cumulative_Lag 0","0.9859","0.9643","1.0079"
"Phuket","cumulative_Lag 0","0.9766","0.8939","1.0669"
"Prachin Buri","cumulative_Lag 0","1.0299","1","1.0607"
"Prachuap Khiri Khan","cumulative_Lag 0","1.0513","0.9806","1.127"
"Ratchaburi","cumulative_Lag 0","1.0276","1.0087","1.0468"
"Rayong","cumulative_Lag 0","1.0304","0.9961","1.0658"
"Sa Kaeo","cumulative_Lag 0","1.0278","0.9904","1.0665"
"Sakon Nakhon","cumulative_Lag 0","0.9911","0.9493","1.0348"
"Samut Prakan","cumulative_Lag 0","1.0254","1.0035","1.0477"
"Samut Songkhram","cumulative_Lag 0","0.9798","0.9379","1.0237"
"Satun","cumulative_Lag 0","0.9887","0.9235","1.0585"
"Songkhla","cumulative_Lag 0","1.0149","0.9788","1.0523"
"Sukhothai","cumulative_Lag 0","1.0298","0.9987","1.062"
"Suphan Buri","cumulative_Lag 0","0.9957","0.9666","1.0256"
"Surat Thani","cumulative_Lag 0","1.0228","0.9832","1.0639"
"Tak","cumulative_Lag 0","0.9984","0.9698","1.0279"
"Trang","cumulative_Lag 0","0.9505","0.8472","1.0665"
"Trat","cumulative_Lag 0","1.0674","0.9671","1.1782"
"Ubon Ratchathani","cumulative_Lag 0","1.0173","1.0037","1.031"
"Udon Thani","cumulative_Lag 0","1.0095","0.981","1.0389"
"Uthai Thani","cumulative_Lag 0","1.0213","0.958","1.0888"
"Uttaradit","cumulative_Lag 0","0.962","0.9174","1.0087"
"Yala","cumulative_Lag 0","1.0017","0.9479","1.0586"
