"Province","cumulative_Lag","RR","Lower","Upper"
"Bangkok","cumulative_Lag 2","1.0385","1.0198","1.0576"
"Buri Ram","cumulative_Lag 2","1.0589","0.9909","1.1316"
"Chachoengsao","cumulative_Lag 2","1.0489","1.0038","1.0961"
"Chanthaburi","cumulative_Lag 2","0.9788","0.8569","1.118"
"Chiang Mai","cumulative_Lag 2","1.0166","0.9993","1.0343"
"Chiang Rai","cumulative_Lag 2","0.9909","0.9784","1.0035"
"Chon Buri","cumulative_Lag 2","1.0554","1.0204","1.0917"
"Kamphaeng Phet","cumulative_Lag 2","0.9734","0.9051","1.0468"
"Kanchanaburi","cumulative_Lag 2","1.0144","0.978","1.0521"
"Khon Kaen","cumulative_Lag 2","1.0253","1.0002","1.0511"
"Lampang","cumulative_Lag 2","0.987","0.9616","1.0132"
"Lamphun","cumulative_Lag 2","0.9958","0.9616","1.0312"
"Loei","cumulative_Lag 2","1.0107","0.9794","1.0429"
"Lop Buri","cumulative_Lag 2","1.1253","1.0599","1.1948"
"Mae Hong Son","cumulative_Lag 2","1.0318","1.0014","1.0631"
"Mukdahan","cumulative_Lag 2","1.0104","0.8202","1.2447"
"Nakhon Pathom","cumulative_Lag 2","1.0307","0.9911","1.0719"
"Nakhon Phanom","cumulative_Lag 2","1.0114","0.9729","1.0514"
"Nakhon Ratchasima","cumulative_Lag 2","1.0676","1.0424","1.0934"
"Nakhon Sawan","cumulative_Lag 2","1.0192","0.9837","1.056"
"Nakhon Si Thammarat","cumulative_Lag 2","1.1047","1.0221","1.194"
"Nan","cumulative_Lag 2","1.0035","0.9761","1.0318"
"Narathiwat","cumulative_Lag 2","1.002","0.9309","1.0785"
"Nong Khai","cumulative_Lag 2","1.0415","1.0071","1.077"
"Pathum Thani","cumulative_Lag 2","1.0221","0.9775","1.0688"
"Phayao","cumulative_Lag 2","0.9934","0.9661","1.0215"
"Phetchabun","cumulative_Lag 2","1.0093","0.935","1.0894"
"Phichit","cumulative_Lag 2","0.9912","0.9149","1.0738"
"Phitsanulok","cumulative_Lag 2","1.0242","0.9943","1.0551"
"Phra Nakhon Si Ayutthaya","cumulative_Lag 2","1.0285","0.9862","1.0727"
"Phrae","cumulative_Lag 2","0.9731","0.9401","1.0073"
"Phuket","cumulative_Lag 2","0.9631","0.8371","1.108"
"Prachin Buri","cumulative_Lag 2","1.0603","1.015","1.1076"
"Prachuap Khiri Khan","cumulative_Lag 2","1.0986","0.9917","1.217"
"Ratchaburi","cumulative_Lag 2","1.0439","1.0161","1.0725"
"Rayong","cumulative_Lag 2","1.0391","0.9867","1.0942"
"Sa Kaeo","cumulative_Lag 2","1.0331","0.9794","1.0898"
"Sakon Nakhon","cumulative_Lag 2","1.0099","0.945","1.0793"
"Samut Prakan","cumulative_Lag 2","1.0559","1.0213","1.0916"
"Samut Songkhram","cumulative_Lag 2","1.0035","0.9379","1.0737"
"Satun","cumulative_Lag 2","0.9567","0.8579","1.0669"
"Songkhla","cumulative_Lag 2","1.0328","0.976","1.0928"
"Sukhothai","cumulative_Lag 2","1.0366","0.9884","1.0871"
"Suphan Buri","cumulative_Lag 2","0.9969","0.9516","1.0444"
"Surat Thani","cumulative_Lag 2","1.0546","0.991","1.1224"
"Tak","cumulative_Lag 2","0.996","0.9524","1.0416"
"Trang","cumulative_Lag 2","0.8851","0.7375","1.0623"
"Trat","cumulative_Lag 2","1.0978","0.9571","1.259"
"Ubon Ratchathani","cumulative_Lag 2","1.0317","1.0102","1.0537"
"Udon Thani","cumulative_Lag 2","1.0493","1.0038","1.097"
"Uthai Thani","cumulative_Lag 2","1.0386","0.9411","1.1461"
"Uttaradit","cumulative_Lag 2","0.9746","0.9102","1.0436"
"Yala","cumulative_Lag 2","1.0154","0.933","1.105"
