"Province","cumulative_Lag","RR","Lower","Upper"
"Bangkok","cumulative_Lag 4","1.0509","1.0313","1.0708"
"Buri Ram","cumulative_Lag 4","1.0677","0.989","1.1527"
"Chachoengsao","cumulative_Lag 4","1.0518","1.0029","1.1031"
"Chanthaburi","cumulative_Lag 4","0.9602","0.8411","1.0962"
"Chiang Mai","cumulative_Lag 4","1.0117","0.9939","1.0298"
"Chiang Rai","cumulative_Lag 4","0.9914","0.9794","1.0036"
"Chon Buri","cumulative_Lag 4","1.0522","1.0159","1.0899"
"Kamphaeng Phet","cumulative_Lag 4","0.996","0.9121","1.0876"
"Kanchanaburi","cumulative_Lag 4","1.0102","0.9731","1.0486"
"Khon Kaen","cumulative_Lag 4","1.0147","0.9881","1.0419"
"Lampang","cumulative_Lag 4","0.9943","0.9674","1.0219"
"Lamphun","cumulative_Lag 4","1.0212","0.9854","1.0583"
"Loei","cumulative_Lag 4","0.9882","0.9548","1.0227"
"Lop Buri","cumulative_Lag 4","1.0975","1.027","1.1729"
"Mae Hong Son","cumulative_Lag 4","1.0051","0.9757","1.0353"
"Mukdahan","cumulative_Lag 4","0.9605","0.76","1.214"
"Nakhon Pathom","cumulative_Lag 4","1.0557","1.0141","1.099"
"Nakhon Phanom","cumulative_Lag 4","1.0013","0.9583","1.0463"
"Nakhon Ratchasima","cumulative_Lag 4","1.0717","1.0454","1.0987"
"Nakhon Sawan","cumulative_Lag 4","1.0277","0.9895","1.0674"
"Nakhon Si Thammarat","cumulative_Lag 4","1.0572","0.9739","1.1475"
"Nan","cumulative_Lag 4","1.0043","0.9755","1.034"
"Narathiwat","cumulative_Lag 4","1.0078","0.9308","1.091"
"Nong Khai","cumulative_Lag 4","1.0098","0.974","1.047"
"Pathum Thani","cumulative_Lag 4","1.0492","1.0019","1.0988"
"Phayao","cumulative_Lag 4","0.9771","0.949","1.0061"
"Phetchabun","cumulative_Lag 4","0.9864","0.9016","1.0792"
"Phichit","cumulative_Lag 4","1.0183","0.9312","1.1136"
"Phitsanulok","cumulative_Lag 4","1.0361","1.0033","1.07"
"Phra Nakhon Si Ayutthaya","cumulative_Lag 4","1.0458","1.0013","1.0922"
"Phrae","cumulative_Lag 4","0.9791","0.9439","1.0156"
"Phuket","cumulative_Lag 4","0.9882","0.8509","1.1477"
"Prachin Buri","cumulative_Lag 4","1.0617","1.0155","1.11"
"Prachuap Khiri Khan","cumulative_Lag 4","1.0995","0.9869","1.2248"
"Ratchaburi","cumulative_Lag 4","1.0281","1.0012","1.0557"
"Rayong","cumulative_Lag 4","1.0155","0.9633","1.0704"
"Sa Kaeo","cumulative_Lag 4","1.0038","0.9531","1.0573"
"Sakon Nakhon","cumulative_Lag 4","1.0502","0.9785","1.1272"
"Samut Prakan","cumulative_Lag 4","1.0633","1.0267","1.1011"
"Samut Songkhram","cumulative_Lag 4","1.0744","1.0022","1.1518"
"Satun","cumulative_Lag 4","0.9315","0.8277","1.0483"
"Songkhla","cumulative_Lag 4","1.0371","0.9771","1.1007"
"Sukhothai","cumulative_Lag 4","1.0061","0.9543","1.0607"
"Suphan Buri","cumulative_Lag 4","1.0105","0.9609","1.0628"
"Surat Thani","cumulative_Lag 4","1.0754","1.0052","1.1505"
"Tak","cumulative_Lag 4","0.994","0.9469","1.0434"
"Trang","cumulative_Lag 4","0.8559","0.701","1.0451"
"Trat","cumulative_Lag 4","1.0503","0.9259","1.1915"
"Ubon Ratchathani","cumulative_Lag 4","1.0276","1.0042","1.0515"
"Udon Thani","cumulative_Lag 4","1.0932","1.0428","1.146"
"Uthai Thani","cumulative_Lag 4","1.0477","0.938","1.1703"
"Uttaradit","cumulative_Lag 4","1.0432","0.9744","1.1168"
"Yala","cumulative_Lag 4","1.026","0.9396","1.1202"
