"Province","cumulative_Lag","RR","Lower","Upper"
"Bangkok","cumulative_Lag 1","1.0287","1.0109","1.0467"
"Buri Ram","cumulative_Lag 1","1.0465","0.9839","1.113"
"Chachoengsao","cumulative_Lag 1","1.0412","0.9991","1.0851"
"Chanthaburi","cumulative_Lag 1","0.992","0.8694","1.132"
"Chiang Mai","cumulative_Lag 1","1.0158","0.9993","1.0325"
"Chiang Rai","cumulative_Lag 1","0.9922","0.9798","1.0047"
"Chon Buri","cumulative_Lag 1","1.0474","1.0144","1.0815"
"Kamphaeng Phet","cumulative_Lag 1","0.9722","0.9102","1.0385"
"Kanchanaburi","cumulative_Lag 1","1.0137","0.9785","1.0501"
"Khon Kaen","cumulative_Lag 1","1.0239","1.0005","1.0477"
"Lampang","cumulative_Lag 1","0.9869","0.9625","1.0119"
"Lamphun","cumulative_Lag 1","0.9887","0.9557","1.0228"
"Loei","cumulative_Lag 1","1.0171","0.9872","1.0479"
"Lop Buri","cumulative_Lag 1","1.1144","1.0532","1.1791"
"Mae Hong Son","cumulative_Lag 1","1.0362","1.0055","1.0678"
"Mukdahan","cumulative_Lag 1","1.0274","0.852","1.2389"
"Nakhon Pathom","cumulative_Lag 1","1.0175","0.9803","1.0562"
"Nakhon Phanom","cumulative_Lag 1","1.0144","0.9793","1.0506"
"Nakhon Ratchasima","cumulative_Lag 1","1.0551","1.0311","1.0796"
"Nakhon Sawan","cumulative_Lag 1","1.0137","0.9804","1.0482"
"Nakhon Si Thammarat","cumulative_Lag 1","1.1075","1.0288","1.1921"
"Nan","cumulative_Lag 1","1.002","0.9758","1.0288"
"Narathiwat","cumulative_Lag 1","1.0015","0.9349","1.0729"
"Nong Khai","cumulative_Lag 1","1.0455","1.0135","1.0786"
"Pathum Thani","cumulative_Lag 1","1.01","0.9678","1.054"
"Phayao","cumulative_Lag 1","0.9997","0.973","1.0271"
"Phetchabun","cumulative_Lag 1","1.0173","0.9492","1.0902"
"Phichit","cumulative_Lag 1","0.983","0.9128","1.0587"
"Phitsanulok","cumulative_Lag 1","1.0167","0.9884","1.0458"
"Phra Nakhon Si Ayutthaya","cumulative_Lag 1","1.018","0.9783","1.0594"
"Phrae","cumulative_Lag 1","0.977","0.9458","1.0092"
"Phuket","cumulative_Lag 1","0.9645","0.8465","1.0991"
"Prachin Buri","cumulative_Lag 1","1.0498","1.0062","1.0953"
"Prachuap Khiri Khan","cumulative_Lag 1","1.0838","0.981","1.1974"
"Ratchaburi","cumulative_Lag 1","1.0418","1.0145","1.0698"
"Rayong","cumulative_Lag 1","1.0425","0.9923","1.0953"
"Sa Kaeo","cumulative_Lag 1","1.038","0.9846","1.0943"
"Sakon Nakhon","cumulative_Lag 1","0.9952","0.9345","1.0598"
"Samut Prakan","cumulative_Lag 1","1.044","1.0116","1.0774"
"Samut Songkhram","cumulative_Lag 1","0.9822","0.9213","1.0471"
"Satun","cumulative_Lag 1","0.9737","0.8802","1.0771"
"Songkhla","cumulative_Lag 1","1.0258","0.9727","1.0818"
"Sukhothai","cumulative_Lag 1","1.0412","0.9956","1.0889"
"Suphan Buri","cumulative_Lag 1","0.9947","0.9523","1.0389"
"Surat Thani","cumulative_Lag 1","1.0408","0.9821","1.103"
"Tak","cumulative_Lag 1","0.9971","0.9558","1.0403"
"Trang","cumulative_Lag 1","0.9127","0.7703","1.0814"
"Trat","cumulative_Lag 1","1.0991","0.9562","1.2634"
"Ubon Ratchathani","cumulative_Lag 1","1.0277","1.0076","1.0482"
"Udon Thani","cumulative_Lag 1","1.0266","0.9844","1.0705"
"Uthai Thani","cumulative_Lag 1","1.0335","0.9418","1.1342"
"Uttaradit","cumulative_Lag 1","0.9556","0.8931","1.0224"
"Yala","cumulative_Lag 1","1.0073","0.9294","1.0917"
