"Province","cumulative_Lag","RR","Lower","Upper"
"Bangkok","cumulative_Lag 3","1.0457","1.0273","1.0645"
"Buri Ram","cumulative_Lag 3","1.0653","0.9942","1.1414"
"Chachoengsao","cumulative_Lag 3","1.051","1.0056","1.0986"
"Chanthaburi","cumulative_Lag 3","0.9657","0.852","1.0945"
"Chiang Mai","cumulative_Lag 3","1.0145","0.9975","1.0318"
"Chiang Rai","cumulative_Lag 3","0.9908","0.9792","1.0026"
"Chon Buri","cumulative_Lag 3","1.0557","1.0213","1.0913"
"Kamphaeng Phet","cumulative_Lag 3","0.9822","0.9085","1.0618"
"Kanchanaburi","cumulative_Lag 3","1.0125","0.9774","1.0489"
"Khon Kaen","cumulative_Lag 3","1.0215","0.9964","1.0473"
"Lampang","cumulative_Lag 3","0.9901","0.9651","1.0158"
"Lamphun","cumulative_Lag 3","1.0081","0.9747","1.0426"
"Loei","cumulative_Lag 3","0.999","0.968","1.031"
"Lop Buri","cumulative_Lag 3","1.1147","1.0492","1.1844"
"Mae Hong Son","cumulative_Lag 3","1.0187","0.9906","1.0475"
"Mukdahan","cumulative_Lag 3","0.9838","0.7915","1.2227"
"Nakhon Pathom","cumulative_Lag 3","1.0445","1.0052","1.0853"
"Nakhon Phanom","cumulative_Lag 3","1.0055","0.9657","1.0469"
"Nakhon Ratchasima","cumulative_Lag 3","1.0721","1.0474","1.0974"
"Nakhon Sawan","cumulative_Lag 3","1.0238","0.9883","1.0607"
"Nakhon Si Thammarat","cumulative_Lag 3","1.0805","1.0004","1.167"
"Nan","cumulative_Lag 3","1.0047","0.9775","1.0326"
"Narathiwat","cumulative_Lag 3","1.0035","0.9318","1.0806"
"Nong Khai","cumulative_Lag 3","1.0265","0.9923","1.0619"
"Pathum Thani","cumulative_Lag 3","1.0363","0.992","1.0826"
"Phayao","cumulative_Lag 3","0.985","0.9586","1.0122"
"Phetchabun","cumulative_Lag 3","0.9964","0.9188","1.0806"
"Phichit","cumulative_Lag 3","1.0052","0.9259","1.0914"
"Phitsanulok","cumulative_Lag 3","1.0308","1.0007","1.0619"
"Phra Nakhon Si Ayutthaya","cumulative_Lag 3","1.0384","0.9963","1.0823"
"Phrae","cumulative_Lag 3","0.9739","0.941","1.008"
"Phuket","cumulative_Lag 3","0.9713","0.8439","1.118"
"Prachin Buri","cumulative_Lag 3","1.0632","1.0195","1.1087"
"Prachuap Khiri Khan","cumulative_Lag 3","1.1009","0.9964","1.2164"
"Ratchaburi","cumulative_Lag 3","1.0375","1.0114","1.0642"
"Rayong","cumulative_Lag 3","1.0268","0.9764","1.0797"
"Sa Kaeo","cumulative_Lag 3","1.0189","0.9693","1.071"
"Sakon Nakhon","cumulative_Lag 3","1.0307","0.9648","1.101"
"Samut Prakan","cumulative_Lag 3","1.0619","1.0275","1.0974"
"Samut Songkhram","cumulative_Lag 3","1.0376","0.971","1.1088"
"Satun","cumulative_Lag 3","0.9411","0.8427","1.051"
"Songkhla","cumulative_Lag 3","1.0363","0.9797","1.0961"
"Sukhothai","cumulative_Lag 3","1.0219","0.9736","1.0726"
"Suphan Buri","cumulative_Lag 3","1.0023","0.9563","1.0504"
"Surat Thani","cumulative_Lag 3","1.0655","1.0006","1.1345"
"Tak","cumulative_Lag 3","0.995","0.9513","1.0407"
"Trang","cumulative_Lag 3","0.8666","0.72","1.043"
"Trat","cumulative_Lag 3","1.0754","0.9511","1.2159"
"Ubon Ratchathani","cumulative_Lag 3","1.0309","1.0092","1.0531"
"Udon Thani","cumulative_Lag 3","1.0738","1.0274","1.1222"
"Uthai Thani","cumulative_Lag 3","1.041","0.9415","1.151"
"Uttaradit","cumulative_Lag 3","1.0091","0.9461","1.0763"
"Yala","cumulative_Lag 3","1.023","0.9415","1.1116"
