"Province","cumulative_Lag","RR","Lower","Upper"
"Bangkok","cumulative_Lag 5","1.0263","1.0157","1.0371"
"Buri Ram","cumulative_Lag 5","1.0632","1.012","1.117"
"Chachoengsao","cumulative_Lag 5","1.0343","1.0026","1.067"
"Chanthaburi","cumulative_Lag 5","1.049","0.9616","1.1443"
"Chiang Mai","cumulative_Lag 5","1.0031","0.9921","1.0142"
"Chiang Rai","cumulative_Lag 5","0.9912","0.9835","0.999"
"Chon Buri","cumulative_Lag 5","1.0456","1.022","1.0698"
"Kamphaeng Phet","cumulative_Lag 5","1.0231","0.9667","1.0828"
"Kanchanaburi","cumulative_Lag 5","1.0122","0.9893","1.0356"
"Khon Kaen","cumulative_Lag 5","1.0146","0.998","1.0315"
"Lampang","cumulative_Lag 5","1.0064","0.9897","1.0234"
"Lamphun","cumulative_Lag 5","1.0039","0.9813","1.0271"
"Loei","cumulative_Lag 5","0.9886","0.9677","1.01"
"Lop Buri","cumulative_Lag 5","1.0459","0.9926","1.1022"
"Mae Hong Son","cumulative_Lag 5","1.0051","0.9853","1.0253"
"Mukdahan","cumulative_Lag 5","0.9285","0.8025","1.0743"
"Nakhon Pathom","cumulative_Lag 5","1.0585","1.0323","1.0854"
"Nakhon Phanom","cumulative_Lag 5","0.9991","0.969","1.0301"
"Nakhon Ratchasima","cumulative_Lag 5","1.0439","1.0269","1.0612"
"Nakhon Sawan","cumulative_Lag 5","1.0428","1.0181","1.0681"
"Nakhon Si Thammarat","cumulative_Lag 5","1.0197","0.9685","1.0735"
"Nan","cumulative_Lag 5","0.9998","0.9816","1.0182"
"Narathiwat","cumulative_Lag 5","1.0117","0.9671","1.0584"
"Nong Khai","cumulative_Lag 5","0.9997","0.9774","1.0224"
"Pathum Thani","cumulative_Lag 5","1.0321","1.0073","1.0576"
"Phayao","cumulative_Lag 5","0.9827","0.9647","1.0011"
"Phetchabun","cumulative_Lag 5","1.013","0.9511","1.0788"
"Phichit","cumulative_Lag 5","1.031","0.9649","1.1015"
"Phitsanulok","cumulative_Lag 5","1.0335","1.0116","1.056"
"Phra Nakhon Si Ayutthaya","cumulative_Lag 5","1.0177","0.9918","1.0443"
"Phrae","cumulative_Lag 5","1.0051","0.9826","1.028"
"Phuket","cumulative_Lag 5","0.9861","0.8985","1.0821"
"Prachin Buri","cumulative_Lag 5","1.0252","0.995","1.0562"
"Prachuap Khiri Khan","cumulative_Lag 5","1.0503","0.9867","1.118"
"Ratchaburi","cumulative_Lag 5","1.0195","1.0028","1.0365"
"Rayong","cumulative_Lag 5","1.0123","0.9818","1.0438"
"Sa Kaeo","cumulative_Lag 5","1.0352","0.9998","1.0719"
"Sakon Nakhon","cumulative_Lag 5","1.0061","0.9645","1.0494"
"Samut Prakan","cumulative_Lag 5","1.0203","0.9993","1.0416"
"Samut Songkhram","cumulative_Lag 5","1.0872","1.0377","1.1391"
"Satun","cumulative_Lag 5","1.023","0.9533","1.0978"
"Songkhla","cumulative_Lag 5","1.0272","0.9912","1.0645"
"Sukhothai","cumulative_Lag 5","0.9961","0.9598","1.0338"
"Suphan Buri","cumulative_Lag 5","1.0143","0.9819","1.0477"
"Surat Thani","cumulative_Lag 5","1.0455","1.0006","1.0924"
"Tak","cumulative_Lag 5","0.986","0.9576","1.0152"
"Trang","cumulative_Lag 5","0.9817","0.8716","1.1057"
"Trat","cumulative_Lag 5","1.0546","0.9682","1.1487"
"Ubon Ratchathani","cumulative_Lag 5","0.9959","0.9814","1.0107"
"Udon Thani","cumulative_Lag 5","1.032","1.0014","1.0636"
"Uthai Thani","cumulative_Lag 5","1.0235","0.9533","1.099"
"Uttaradit","cumulative_Lag 5","1.0221","0.9743","1.0721"
"Yala","cumulative_Lag 5","0.9967","0.9467","1.0493"
