"Province","cumulative_Lag","RR","Lower","Upper"
"Bangkok","cumulative_Lag 3","1.0236","1.0142","1.0331"
"Buri Ram","cumulative_Lag 3","1.0441","1.0011","1.089"
"Chachoengsao","cumulative_Lag 3","1.0428","1.0149","1.0714"
"Chanthaburi","cumulative_Lag 3","1.0243","0.9483","1.1064"
"Chiang Mai","cumulative_Lag 3","1.0058","0.9959","1.0158"
"Chiang Rai","cumulative_Lag 3","0.9927","0.9855","1"
"Chon Buri","cumulative_Lag 3","1.0364","1.0158","1.0575"
"Kamphaeng Phet","cumulative_Lag 3","1.0004","0.9553","1.0477"
"Kanchanaburi","cumulative_Lag 3","1.0086","0.9884","1.0293"
"Khon Kaen","cumulative_Lag 3","1.0247","1.01","1.0396"
"Lampang","cumulative_Lag 3","1.0024","0.9877","1.0173"
"Lamphun","cumulative_Lag 3","0.9986","0.979","1.0187"
"Loei","cumulative_Lag 3","0.9965","0.9783","1.015"
"Lop Buri","cumulative_Lag 3","1.0728","1.0265","1.1211"
"Mae Hong Son","cumulative_Lag 3","0.9997","0.982","1.0178"
"Mukdahan","cumulative_Lag 3","0.9815","0.8654","1.1133"
"Nakhon Pathom","cumulative_Lag 3","1.0431","1.0199","1.0668"
"Nakhon Phanom","cumulative_Lag 3","1.0068","0.9808","1.0335"
"Nakhon Ratchasima","cumulative_Lag 3","1.0452","1.0303","1.0603"
"Nakhon Sawan","cumulative_Lag 3","1.0492","1.0276","1.0712"
"Nakhon Si Thammarat","cumulative_Lag 3","1.0446","0.9981","1.0933"
"Nan","cumulative_Lag 3","1.0077","0.9918","1.024"
"Narathiwat","cumulative_Lag 3","0.9924","0.9539","1.0325"
"Nong Khai","cumulative_Lag 3","1.0103","0.9904","1.0306"
"Pathum Thani","cumulative_Lag 3","1.0169","0.995","1.0392"
"Phayao","cumulative_Lag 3","0.9833","0.9676","0.9993"
"Phetchabun","cumulative_Lag 3","1.0199","0.967","1.0758"
"Phichit","cumulative_Lag 3","1.0209","0.9649","1.0802"
"Phitsanulok","cumulative_Lag 3","1.0351","1.0164","1.0542"
"Phra Nakhon Si Ayutthaya","cumulative_Lag 3","1.0191","0.9959","1.0428"
"Phrae","cumulative_Lag 3","1.0015","0.9819","1.0215"
"Phuket","cumulative_Lag 3","0.9886","0.912","1.0716"
"Prachin Buri","cumulative_Lag 3","1.0309","1.0041","1.0584"
"Prachuap Khiri Khan","cumulative_Lag 3","1.0526","0.9968","1.1115"
"Ratchaburi","cumulative_Lag 3","1.026","1.0109","1.0413"
"Rayong","cumulative_Lag 3","1.0261","0.9985","1.0544"
"Sa Kaeo","cumulative_Lag 3","1.0185","0.9871","1.0508"
"Sakon Nakhon","cumulative_Lag 3","0.9981","0.9623","1.0353"
"Samut Prakan","cumulative_Lag 3","1.0145","0.9962","1.0332"
"Samut Songkhram","cumulative_Lag 3","1.0507","1.0081","1.0951"
"Satun","cumulative_Lag 3","1.0204","0.9595","1.0852"
"Songkhla","cumulative_Lag 3","1.0258","0.9943","1.0582"
"Sukhothai","cumulative_Lag 3","1.0092","0.9778","1.0416"
"Suphan Buri","cumulative_Lag 3","1.014","0.9852","1.0436"
"Surat Thani","cumulative_Lag 3","1.034","0.9956","1.074"
"Tak","cumulative_Lag 3","0.9883","0.9634","1.0138"
"Trang","cumulative_Lag 3","1.0052","0.9052","1.1163"
"Trat","cumulative_Lag 3","1.0771","1.0004","1.1597"
"Ubon Ratchathani","cumulative_Lag 3","1.0089","0.9962","1.0217"
"Udon Thani","cumulative_Lag 3","1.0332","1.0065","1.0606"
"Uthai Thani","cumulative_Lag 3","1.0009","0.942","1.0635"
"Uttaradit","cumulative_Lag 3","1.0197","0.9784","1.0627"
"Yala","cumulative_Lag 3","1.014","0.969","1.0612"
