"Province","cumulative_Lag","RR","Lower","Upper"
"Bangkok","cumulative_Lag 2","1.0206","1.011","1.0302"
"Buri Ram","cumulative_Lag 2","1.0328","0.9916","1.0756"
"Chachoengsao","cumulative_Lag 2","1.045","1.0172","1.0736"
"Chanthaburi","cumulative_Lag 2","1.0087","0.9305","1.0934"
"Chiang Mai","cumulative_Lag 2","1.0073","0.9973","1.0175"
"Chiang Rai","cumulative_Lag 2","0.9942","0.9865","1.002"
"Chon Buri","cumulative_Lag 2","1.0289","1.0081","1.0501"
"Kamphaeng Phet","cumulative_Lag 2","0.9922","0.9503","1.0361"
"Kanchanaburi","cumulative_Lag 2","1.0056","0.9847","1.0269"
"Khon Kaen","cumulative_Lag 2","1.0274","1.0128","1.0423"
"Lampang","cumulative_Lag 2","1.0003","0.9853","1.0155"
"Lamphun","cumulative_Lag 2","0.9949","0.9748","1.0154"
"Loei","cumulative_Lag 2","1.0034","0.985","1.0222"
"Lop Buri","cumulative_Lag 2","1.0855","1.0395","1.1335"
"Mae Hong Son","cumulative_Lag 2","0.9992","0.9804","1.0185"
"Mukdahan","cumulative_Lag 2","1.0157","0.9022","1.1435"
"Nakhon Pathom","cumulative_Lag 2","1.0313","1.0078","1.0553"
"Nakhon Phanom","cumulative_Lag 2","1.0132","0.9881","1.0388"
"Nakhon Ratchasima","cumulative_Lag 2","1.0431","1.0278","1.0586"
"Nakhon Sawan","cumulative_Lag 2","1.0496","1.0279","1.0717"
"Nakhon Si Thammarat","cumulative_Lag 2","1.0595","1.0119","1.1093"
"Nan","cumulative_Lag 2","1.0086","0.9926","1.025"
"Narathiwat","cumulative_Lag 2","0.9845","0.9461","1.0244"
"Nong Khai","cumulative_Lag 2","1.0163","0.9964","1.0366"
"Pathum Thani","cumulative_Lag 2","1.007","0.9848","1.0297"
"Phayao","cumulative_Lag 2","0.9848","0.9688","1.0011"
"Phetchabun","cumulative_Lag 2","1.0241","0.9737","1.0772"
"Phichit","cumulative_Lag 2","1.0171","0.9627","1.0745"
"Phitsanulok","cumulative_Lag 2","1.0334","1.0146","1.0526"
"Phra Nakhon Si Ayutthaya","cumulative_Lag 2","1.0178","0.9942","1.0418"
"Phrae","cumulative_Lag 2","1.0038","0.9839","1.024"
"Phuket","cumulative_Lag 2","0.9968","0.92","1.0801"
"Prachin Buri","cumulative_Lag 2","1.0326","1.0046","1.0614"
"Prachuap Khiri Khan","cumulative_Lag 2","1.0542","0.9973","1.1143"
"Ratchaburi","cumulative_Lag 2","1.0271","1.011","1.0434"
"Rayong","cumulative_Lag 2","1.0365","1.0079","1.0658"
"Sa Kaeo","cumulative_Lag 2","1.0078","0.9747","1.0421"
"Sakon Nakhon","cumulative_Lag 2","0.9952","0.959","1.0328"
"Samut Prakan","cumulative_Lag 2","1.0101","0.9916","1.0289"
"Samut Songkhram","cumulative_Lag 2","1.0258","0.9832","1.0703"
"Satun","cumulative_Lag 2","1.0183","0.9577","1.0828"
"Songkhla","cumulative_Lag 2","1.0247","0.993","1.0574"
"Sukhothai","cumulative_Lag 2","1.0182","0.9877","1.0496"
"Suphan Buri","cumulative_Lag 2","1.0163","0.9875","1.0459"
"Surat Thani","cumulative_Lag 2","1.0263","0.9883","1.0658"
"Tak","cumulative_Lag 2","0.9917","0.9666","1.0176"
"Trang","cumulative_Lag 2","1.0063","0.9065","1.117"
"Trat","cumulative_Lag 2","1.0788","0.9951","1.1695"
"Ubon Ratchathani","cumulative_Lag 2","1.015","1.0025","1.0278"
"Udon Thani","cumulative_Lag 2","1.0313","1.0044","1.059"
"Uthai Thani","cumulative_Lag 2","0.9907","0.9334","1.0514"
"Uttaradit","cumulative_Lag 2","1.0174","0.9741","1.0628"
"Yala","cumulative_Lag 2","1.016","0.97","1.0642"
