"Province","cumulative_Lag","RR","Lower","Upper"
"Bangkok","cumulative_Lag 1","1.0158","1.0067","1.025"
"Buri Ram","cumulative_Lag 1","1.0213","0.9836","1.0604"
"Chachoengsao","cumulative_Lag 1","1.0402","1.0141","1.0669"
"Chanthaburi","cumulative_Lag 1","0.9975","0.9214","1.08"
"Chiang Mai","cumulative_Lag 1","1.0074","0.9979","1.017"
"Chiang Rai","cumulative_Lag 1","0.996","0.9884","1.0037"
"Chon Buri","cumulative_Lag 1","1.0201","1.0005","1.04"
"Kamphaeng Phet","cumulative_Lag 1","0.9887","0.9506","1.0283"
"Kanchanaburi","cumulative_Lag 1","1.0029","0.9827","1.0235"
"Khon Kaen","cumulative_Lag 1","1.0252","1.0116","1.039"
"Lampang","cumulative_Lag 1","0.9989","0.9846","1.0134"
"Lamphun","cumulative_Lag 1","0.9931","0.9738","1.0127"
"Loei","cumulative_Lag 1","1.0077","0.9902","1.0255"
"Lop Buri","cumulative_Lag 1","1.0818","1.0388","1.1266"
"Mae Hong Son","cumulative_Lag 1","0.9994","0.9806","1.0185"
"Mukdahan","cumulative_Lag 1","1.0362","0.9331","1.1506"
"Nakhon Pathom","cumulative_Lag 1","1.0194","0.9972","1.0421"
"Nakhon Phanom","cumulative_Lag 1","1.0158","0.9931","1.0389"
"Nakhon Ratchasima","cumulative_Lag 1","1.0358","1.0212","1.0506"
"Nakhon Sawan","cumulative_Lag 1","1.0429","1.0225","1.0636"
"Nakhon Si Thammarat","cumulative_Lag 1","1.0612","1.016","1.1084"
"Nan","cumulative_Lag 1","1.0076","0.9923","1.0232"
"Narathiwat","cumulative_Lag 1","0.9819","0.9457","1.0194"
"Nong Khai","cumulative_Lag 1","1.018","0.9994","1.0368"
"Pathum Thani","cumulative_Lag 1","0.9997","0.9786","1.0212"
"Phayao","cumulative_Lag 1","0.9879","0.9725","1.0035"
"Phetchabun","cumulative_Lag 1","1.0237","0.9778","1.0717"
"Phichit","cumulative_Lag 1","1.0127","0.9624","1.0656"
"Phitsanulok","cumulative_Lag 1","1.0276","1.0097","1.0458"
"Phra Nakhon Si Ayutthaya","cumulative_Lag 1","1.0143","0.9921","1.037"
"Phrae","cumulative_Lag 1","1.0053","0.9865","1.0244"
"Phuket","cumulative_Lag 1","1.0034","0.9308","1.0816"
"Prachin Buri","cumulative_Lag 1","1.0292","1.0021","1.0572"
"Prachuap Khiri Khan","cumulative_Lag 1","1.048","0.9934","1.1056"
"Ratchaburi","cumulative_Lag 1","1.0239","1.0082","1.04"
"Rayong","cumulative_Lag 1","1.0386","1.0113","1.0666"
"Sa Kaeo","cumulative_Lag 1","1","0.9675","1.0336"
"Sakon Nakhon","cumulative_Lag 1","0.9942","0.9598","1.0299"
"Samut Prakan","cumulative_Lag 1","1.0058","0.9884","1.0235"
"Samut Songkhram","cumulative_Lag 1","1.0065","0.9664","1.0483"
"Satun","cumulative_Lag 1","1.0146","0.9579","1.0745"
"Songkhla","cumulative_Lag 1","1.0208","0.991","1.0515"
"Sukhothai","cumulative_Lag 1","1.0217","0.9933","1.0509"
"Suphan Buri","cumulative_Lag 1","1.016","0.989","1.0437"
"Surat Thani","cumulative_Lag 1","1.0179","0.9827","1.0544"
"Tak","cumulative_Lag 1","0.9953","0.9713","1.0199"
"Trang","cumulative_Lag 1","1.0045","0.9109","1.1076"
"Trat","cumulative_Lag 1","1.0679","0.9836","1.1595"
"Ubon Ratchathani","cumulative_Lag 1","1.0169","1.0051","1.0287"
"Udon Thani","cumulative_Lag 1","1.0257","1.0002","1.0518"
"Uthai Thani","cumulative_Lag 1","0.9857","0.9321","1.0424"
"Uttaradit","cumulative_Lag 1","1.0137","0.9708","1.0584"
"Yala","cumulative_Lag 1","1.0141","0.9704","1.0597"
