"Province","cumulative_Lag","RR","Lower","Upper"
"Bangkok","cumulative_Lag 0","1.009","1.0027","1.0152"
"Buri Ram","cumulative_Lag 0","1.0103","0.9848","1.0365"
"Chachoengsao","cumulative_Lag 0","1.0255","1.0079","1.0434"
"Chanthaburi","cumulative_Lag 0","0.9941","0.9402","1.0511"
"Chiang Mai","cumulative_Lag 0","1.0051","0.9985","1.0117"
"Chiang Rai","cumulative_Lag 0","0.9979","0.9926","1.0034"
"Chon Buri","cumulative_Lag 0","1.0104","0.9971","1.0239"
"Kamphaeng Phet","cumulative_Lag 0","0.9911","0.9651","1.0178"
"Kanchanaburi","cumulative_Lag 0","1.0009","0.9869","1.0151"
"Khon Kaen","cumulative_Lag 0","1.0163","1.0072","1.0255"
"Lampang","cumulative_Lag 0","0.9987","0.9889","1.0087"
"Lamphun","cumulative_Lag 0","0.9945","0.9811","1.0081"
"Loei","cumulative_Lag 0","1.007","0.995","1.0191"
"Lop Buri","cumulative_Lag 0","1.0539","1.0251","1.0836"
"Mae Hong Son","cumulative_Lag 0","0.9997","0.9865","1.0132"
"Mukdahan","cumulative_Lag 0","1.0324","0.9638","1.106"
"Nakhon Pathom","cumulative_Lag 0","1.0088","0.9937","1.0242"
"Nakhon Phanom","cumulative_Lag 0","1.0118","0.9967","1.0271"
"Nakhon Ratchasima","cumulative_Lag 0","1.0216","1.0116","1.0317"
"Nakhon Sawan","cumulative_Lag 0","1.0266","1.0129","1.0406"
"Nakhon Si Thammarat","cumulative_Lag 0","1.0422","1.0115","1.0738"
"Nan","cumulative_Lag 0","1.0047","0.9941","1.0154"
"Narathiwat","cumulative_Lag 0","0.9866","0.9617","1.0123"
"Nong Khai","cumulative_Lag 0","1.0129","1.0004","1.0256"
"Pathum Thani","cumulative_Lag 0","0.997","0.9826","1.0117"
"Phayao","cumulative_Lag 0","0.9928","0.9822","1.0037"
"Phetchabun","cumulative_Lag 0","1.016","0.9851","1.0479"
"Phichit","cumulative_Lag 0","1.0071","0.9728","1.0426"
"Phitsanulok","cumulative_Lag 0","1.0166","1.0043","1.029"
"Phra Nakhon Si Ayutthaya","cumulative_Lag 0","1.0084","0.9933","1.0238"
"Phrae","cumulative_Lag 0","1.0043","0.9914","1.0174"
"Phuket","cumulative_Lag 0","1.005","0.955","1.0577"
"Prachin Buri","cumulative_Lag 0","1.0187","0.9999","1.0378"
"Prachuap Khiri Khan","cumulative_Lag 0","1.0304","0.9928","1.0694"
"Ratchaburi","cumulative_Lag 0","1.0151","1.0042","1.0262"
"Rayong","cumulative_Lag 0","1.0272","1.0086","1.0461"
"Sa Kaeo","cumulative_Lag 0","0.997","0.9742","1.0204"
"Sakon Nakhon","cumulative_Lag 0","0.9957","0.9719","1.0201"
"Samut Prakan","cumulative_Lag 0","1.0023","0.9904","1.0143"
"Samut Songkhram","cumulative_Lag 0","0.9972","0.9696","1.0255"
"Satun","cumulative_Lag 0","1.0085","0.9699","1.0487"
"Songkhla","cumulative_Lag 0","1.0128","0.9925","1.0334"
"Sukhothai","cumulative_Lag 0","1.0162","0.9968","1.0359"
"Suphan Buri","cumulative_Lag 0","1.0109","0.9925","1.0296"
"Surat Thani","cumulative_Lag 0","1.0091","0.9852","1.0335"
"Tak","cumulative_Lag 0","0.9982","0.9816","1.015"
"Trang","cumulative_Lag 0","1.002","0.9375","1.0709"
"Trat","cumulative_Lag 0","1.0418","0.9824","1.1047"
"Ubon Ratchathani","cumulative_Lag 0","1.0122","1.0042","1.0202"
"Udon Thani","cumulative_Lag 0","1.0154","0.998","1.0331"
"Uthai Thani","cumulative_Lag 0","0.9884","0.9512","1.0271"
"Uttaradit","cumulative_Lag 0","1.0079","0.9778","1.0389"
"Yala","cumulative_Lag 0","1.0087","0.9787","1.0396"
