"Province","cumulative_Lag","RR","Lower","Upper"
"Bangkok","cumulative_Lag 4","1.0254","1.0154","1.0354"
"Buri Ram","cumulative_Lag 4","1.0546","1.0069","1.1045"
"Chachoengsao","cumulative_Lag 4","1.0378","1.008","1.0684"
"Chanthaburi","cumulative_Lag 4","1.0395","0.9574","1.1286"
"Chiang Mai","cumulative_Lag 4","1.0039","0.9935","1.0145"
"Chiang Rai","cumulative_Lag 4","0.9917","0.9842","0.9992"
"Chon Buri","cumulative_Lag 4","1.0422","1.0202","1.0646"
"Kamphaeng Phet","cumulative_Lag 4","1.0113","0.96","1.0654"
"Kanchanaburi","cumulative_Lag 4","1.0111","0.9896","1.033"
"Khon Kaen","cumulative_Lag 4","1.0195","1.004","1.0353"
"Lampang","cumulative_Lag 4","1.0047","0.989","1.0205"
"Lamphun","cumulative_Lag 4","1.0023","0.9813","1.0239"
"Loei","cumulative_Lag 4","0.9904","0.971","1.0102"
"Lop Buri","cumulative_Lag 4","1.0557","1.0059","1.1079"
"Mae Hong Son","cumulative_Lag 4","1.0014","0.9828","1.0205"
"Mukdahan","cumulative_Lag 4","0.9482","0.827","1.0871"
"Nakhon Pathom","cumulative_Lag 4","1.0529","1.0283","1.078"
"Nakhon Phanom","cumulative_Lag 4","1.0008","0.9728","1.0296"
"Nakhon Ratchasima","cumulative_Lag 4","1.0446","1.0287","1.0607"
"Nakhon Sawan","cumulative_Lag 4","1.0456","1.0225","1.0692"
"Nakhon Si Thammarat","cumulative_Lag 4","1.0277","0.979","1.0789"
"Nan","cumulative_Lag 4","1.0048","0.9877","1.0223"
"Narathiwat","cumulative_Lag 4","1.0026","0.9611","1.0458"
"Nong Khai","cumulative_Lag 4","1.0036","0.9826","1.025"
"Pathum Thani","cumulative_Lag 4","1.0263","1.0031","1.0501"
"Phayao","cumulative_Lag 4","0.9828","0.966","1"
"Phetchabun","cumulative_Lag 4","1.0149","0.9569","1.0765"
"Phichit","cumulative_Lag 4","1.0252","0.9639","1.0905"
"Phitsanulok","cumulative_Lag 4","1.0346","1.0142","1.0554"
"Phra Nakhon Si Ayutthaya","cumulative_Lag 4","1.0189","0.9945","1.0439"
"Phrae","cumulative_Lag 4","1.0011","0.9802","1.0224"
"Phuket","cumulative_Lag 4","0.9835","0.902","1.0723"
"Prachin Buri","cumulative_Lag 4","1.0273","0.9991","1.0563"
"Prachuap Khiri Khan","cumulative_Lag 4","1.0493","0.9896","1.1127"
"Ratchaburi","cumulative_Lag 4","1.0227","1.007","1.0387"
"Rayong","cumulative_Lag 4","1.0155","0.9868","1.045"
"Sa Kaeo","cumulative_Lag 4","1.0287","0.9957","1.0628"
"Sakon Nakhon","cumulative_Lag 4","1.002","0.9636","1.042"
"Samut Prakan","cumulative_Lag 4","1.0183","0.9988","1.0381"
"Samut Songkhram","cumulative_Lag 4","1.0738","1.0278","1.1218"
"Satun","cumulative_Lag 4","1.0217","0.9566","1.0912"
"Songkhla","cumulative_Lag 4","1.0259","0.9926","1.0604"
"Sukhothai","cumulative_Lag 4","1.0001","0.9659","1.0356"
"Suphan Buri","cumulative_Lag 4","1.0123","0.9817","1.0438"
"Surat Thani","cumulative_Lag 4","1.0406","0.9991","1.0837"
"Tak","cumulative_Lag 4","0.986","0.9594","1.0133"
"Trang","cumulative_Lag 4","0.998","0.8924","1.1162"
"Trat","cumulative_Lag 4","1.0674","0.9865","1.155"
"Ubon Ratchathani","cumulative_Lag 4","1.0015","0.9879","1.0152"
"Udon Thani","cumulative_Lag 4","1.0329","1.0045","1.0622"
"Uthai Thani","cumulative_Lag 4","1.0131","0.948","1.0827"
"Uttaradit","cumulative_Lag 4","1.021","0.9768","1.0672"
"Yala","cumulative_Lag 4","1.0077","0.9605","1.0574"
