"Province","cumulative_Lag","RR","Lower","Upper"
"Bangkok","cumulative_Lag 6","1.0269","1.0159","1.038"
"Buri Ram","cumulative_Lag 6","1.0694","1.0191","1.1222"
"Chachoengsao","cumulative_Lag 6","1.0353","1.003","1.0687"
"Chanthaburi","cumulative_Lag 6","1.0491","0.967","1.1381"
"Chiang Mai","cumulative_Lag 6","1.004","0.9932","1.0149"
"Chiang Rai","cumulative_Lag 6","0.9914","0.9843","0.9986"
"Chon Buri","cumulative_Lag 6","1.0463","1.022","1.0712"
"Kamphaeng Phet","cumulative_Lag 6","1.0344","0.977","1.0951"
"Kanchanaburi","cumulative_Lag 6","1.0113","0.9885","1.0346"
"Khon Kaen","cumulative_Lag 6","1.0116","0.9944","1.0292"
"Lampang","cumulative_Lag 6","1.0072","0.9903","1.0243"
"Lamphun","cumulative_Lag 6","1.0021","0.9791","1.0255"
"Loei","cumulative_Lag 6","0.9934","0.9717","1.0156"
"Lop Buri","cumulative_Lag 6","1.0512","0.9964","1.1089"
"Mae Hong Son","cumulative_Lag 6","1.0112","0.9921","1.0306"
"Mukdahan","cumulative_Lag 6","0.9304","0.8012","1.0805"
"Nakhon Pathom","cumulative_Lag 6","1.0587","1.0321","1.0859"
"Nakhon Phanom","cumulative_Lag 6","1.0044","0.973","1.0368"
"Nakhon Ratchasima","cumulative_Lag 6","1.0449","1.0278","1.0623"
"Nakhon Sawan","cumulative_Lag 6","1.0434","1.0185","1.069"
"Nakhon Si Thammarat","cumulative_Lag 6","1.0274","0.9763","1.0812"
"Nan","cumulative_Lag 6","0.9925","0.9747","1.0107"
"Narathiwat","cumulative_Lag 6","1.0177","0.9725","1.0649"
"Nong Khai","cumulative_Lag 6","1.0008","0.978","1.0242"
"Pathum Thani","cumulative_Lag 6","1.0321","1.007","1.0578"
"Phayao","cumulative_Lag 6","0.9826","0.9645","1.0011"
"Phetchabun","cumulative_Lag 6","1.0165","0.955","1.0819"
"Phichit","cumulative_Lag 6","1.0388","0.9722","1.1098"
"Phitsanulok","cumulative_Lag 6","1.0332","1.0114","1.0554"
"Phra Nakhon Si Ayutthaya","cumulative_Lag 6","1.0158","0.9895","1.0429"
"Phrae","cumulative_Lag 6","1.0153","0.9922","1.039"
"Phuket","cumulative_Lag 6","0.9997","0.9083","1.1002"
"Prachin Buri","cumulative_Lag 6","1.0266","0.9962","1.0579"
"Prachuap Khiri Khan","cumulative_Lag 6","1.0594","0.9976","1.1251"
"Ratchaburi","cumulative_Lag 6","1.0178","1.0012","1.0347"
"Rayong","cumulative_Lag 6","1.0219","0.9904","1.0544"
"Sa Kaeo","cumulative_Lag 6","1.0357","1.0005","1.0721"
"Sakon Nakhon","cumulative_Lag 6","1.0096","0.9665","1.0547"
"Samut Prakan","cumulative_Lag 6","1.0199","0.9983","1.0418"
"Samut Songkhram","cumulative_Lag 6","1.0854","1.0356","1.1375"
"Satun","cumulative_Lag 6","1.0249","0.9532","1.1021"
"Songkhla","cumulative_Lag 6","1.031","0.9929","1.0705"
"Sukhothai","cumulative_Lag 6","1.0005","0.9654","1.0369"
"Suphan Buri","cumulative_Lag 6","1.0222","0.9901","1.0553"
"Surat Thani","cumulative_Lag 6","1.0484","1.0016","1.0974"
"Tak","cumulative_Lag 6","0.989","0.9606","1.0181"
"Trang","cumulative_Lag 6","0.9545","0.847","1.0757"
"Trat","cumulative_Lag 6","1.0417","0.9592","1.1313"
"Ubon Ratchathani","cumulative_Lag 6","0.9943","0.9792","1.0097"
"Udon Thani","cumulative_Lag 6","1.0315","1","1.064"
"Uthai Thani","cumulative_Lag 6","1.0297","0.9605","1.1039"
"Uttaradit","cumulative_Lag 6","1.0233","0.9757","1.0731"
"Yala","cumulative_Lag 6","0.9807","0.9301","1.0339"
