"Province","cumulative_Lag","RR","Lower","Upper"
"Bangkok","cumulative_Lag 0","1.0056","0.9991","1.0121"
"Buri Ram","cumulative_Lag 0","1.0045","0.9811","1.0285"
"Chachoengsao","cumulative_Lag 0","1.0226","1.0017","1.044"
"Chanthaburi","cumulative_Lag 0","1.0303","0.9756","1.088"
"Chiang Mai","cumulative_Lag 0","0.9964","0.9896","1.0033"
"Chiang Rai","cumulative_Lag 0","0.9969","0.9923","1.0014"
"Chon Buri","cumulative_Lag 0","1.0056","0.9918","1.0195"
"Kamphaeng Phet","cumulative_Lag 0","1.007","0.9784","1.0364"
"Kanchanaburi","cumulative_Lag 0","0.9986","0.9802","1.0174"
"Khon Kaen","cumulative_Lag 0","1.0109","1.0022","1.0197"
"Lampang","cumulative_Lag 0","0.9997","0.9901","1.0094"
"Lamphun","cumulative_Lag 0","1.0015","0.9837","1.0197"
"Loei","cumulative_Lag 0","0.9916","0.9793","1.004"
"Lop Buri","cumulative_Lag 0","1.0202","0.9883","1.0532"
"Mae Hong Son","cumulative_Lag 0","1.0104","0.9961","1.025"
"Mukdahan","cumulative_Lag 0","0.995","0.9298","1.0649"
"Nakhon Pathom","cumulative_Lag 0","1.0052","0.9873","1.0233"
"Nakhon Phanom","cumulative_Lag 0","0.9955","0.9779","1.0135"
"Nakhon Ratchasima","cumulative_Lag 0","1.0143","1.0049","1.0237"
"Nakhon Sawan","cumulative_Lag 0","1.0129","0.998","1.028"
"Nakhon Si Thammarat","cumulative_Lag 0","1.0425","1.001","1.0858"
"Nan","cumulative_Lag 0","1.0013","0.9926","1.0101"
"Narathiwat","cumulative_Lag 0","0.9943","0.9503","1.0404"
"Nong Khai","cumulative_Lag 0","1.006","0.992","1.0202"
"Pathum Thani","cumulative_Lag 0","0.9878","0.9699","1.006"
"Phayao","cumulative_Lag 0","0.999","0.9877","1.0103"
"Phetchabun","cumulative_Lag 0","1.0214","0.9917","1.052"
"Phichit","cumulative_Lag 0","1.0293","0.9876","1.0728"
"Phitsanulok","cumulative_Lag 0","1.0162","1.0039","1.0287"
"Phra Nakhon Si Ayutthaya","cumulative_Lag 0","0.987","0.9691","1.0052"
"Phrae","cumulative_Lag 0","0.998","0.9853","1.0109"
"Phuket","cumulative_Lag 0","1.0467","0.9919","1.1046"
"Prachin Buri","cumulative_Lag 0","1.0003","0.9813","1.0197"
"Prachuap Khiri Khan","cumulative_Lag 0","1.0552","1.0088","1.1038"
"Ratchaburi","cumulative_Lag 0","1.0181","1.0037","1.0328"
"Rayong","cumulative_Lag 0","1.0119","0.9908","1.0335"
"Sa Kaeo","cumulative_Lag 0","0.9916","0.9661","1.0178"
"Sakon Nakhon","cumulative_Lag 0","1.0061","0.9836","1.0291"
"Samut Prakan","cumulative_Lag 0","1.0177","1.0039","1.0317"
"Samut Songkhram","cumulative_Lag 0","0.9861","0.949","1.0247"
"Satun","cumulative_Lag 0","0.9151","0.8567","0.9776"
"Songkhla","cumulative_Lag 0","1.0039","0.9768","1.0318"
"Sukhothai","cumulative_Lag 0","1.0246","1.0025","1.0472"
"Suphan Buri","cumulative_Lag 0","1.0297","1.0083","1.0515"
"Surat Thani","cumulative_Lag 0","0.9982","0.9701","1.0271"
"Tak","cumulative_Lag 0","1.0129","0.9933","1.0328"
"Trang","cumulative_Lag 0","1.035","0.9666","1.1082"
"Trat","cumulative_Lag 0","1.02","0.9576","1.0865"
"Ubon Ratchathani","cumulative_Lag 0","1.0027","0.9949","1.0105"
"Udon Thani","cumulative_Lag 0","1.0131","0.9966","1.0299"
"Uthai Thani","cumulative_Lag 0","1.0321","0.9861","1.0802"
"Uttaradit","cumulative_Lag 0","1.0288","1.0012","1.0572"
"Yala","cumulative_Lag 0","0.9667","0.9123","1.0242"
