"Province","cumulative_Lag","RR","Lower","Upper"
"Bangkok","cumulative_Lag 7","1.0117","0.9986","1.0251"
"Buri Ram","cumulative_Lag 7","1.0388","0.9912","1.0886"
"Chachoengsao","cumulative_Lag 7","0.9944","0.9535","1.0371"
"Chanthaburi","cumulative_Lag 7","1.0152","0.9358","1.1013"
"Chiang Mai","cumulative_Lag 7","1.0016","0.9893","1.014"
"Chiang Rai","cumulative_Lag 7","0.9918","0.985","0.9986"
"Chon Buri","cumulative_Lag 7","1.0082","0.9798","1.0374"
"Kamphaeng Phet","cumulative_Lag 7","0.9771","0.9114","1.0475"
"Kanchanaburi","cumulative_Lag 7","1.0184","0.9836","1.0545"
"Khon Kaen","cumulative_Lag 7","1.0111","0.9922","1.0304"
"Lampang","cumulative_Lag 7","1.0082","0.9894","1.0273"
"Lamphun","cumulative_Lag 7","1.0175","0.9844","1.0518"
"Loei","cumulative_Lag 7","0.9773","0.9525","1.0028"
"Lop Buri","cumulative_Lag 7","1.0107","0.9429","1.0834"
"Mae Hong Son","cumulative_Lag 7","1.0032","0.9803","1.0267"
"Mukdahan","cumulative_Lag 7","0.9602","0.8196","1.1249"
"Nakhon Pathom","cumulative_Lag 7","1.0149","0.9806","1.0504"
"Nakhon Phanom","cumulative_Lag 7","0.9593","0.9202","1"
"Nakhon Ratchasima","cumulative_Lag 7","1.027","1.009","1.0454"
"Nakhon Sawan","cumulative_Lag 7","1.0154","0.9855","1.0463"
"Nakhon Si Thammarat","cumulative_Lag 7","1.0133","0.9377","1.0951"
"Nan","cumulative_Lag 7","0.9922","0.9761","1.0085"
"Narathiwat","cumulative_Lag 7","1.0073","0.921","1.1017"
"Nong Khai","cumulative_Lag 7","1.0082","0.9788","1.0384"
"Pathum Thani","cumulative_Lag 7","0.9931","0.9587","1.0287"
"Phayao","cumulative_Lag 7","0.9973","0.9757","1.0193"
"Phetchabun","cumulative_Lag 7","0.9961","0.9364","1.0595"
"Phichit","cumulative_Lag 7","1.0949","1.0065","1.1911"
"Phitsanulok","cumulative_Lag 7","0.998","0.9754","1.0211"
"Phra Nakhon Si Ayutthaya","cumulative_Lag 7","0.9984","0.9622","1.0359"
"Phrae","cumulative_Lag 7","1.017","0.9901","1.0447"
"Phuket","cumulative_Lag 7","1.0291","0.9161","1.156"
"Prachin Buri","cumulative_Lag 7","0.9909","0.9565","1.0265"
"Prachuap Khiri Khan","cumulative_Lag 7","1.0779","0.997","1.1653"
"Ratchaburi","cumulative_Lag 7","1.0164","0.9911","1.0424"
"Rayong","cumulative_Lag 7","0.988","0.9474","1.0305"
"Sa Kaeo","cumulative_Lag 7","1.0148","0.97","1.0617"
"Sakon Nakhon","cumulative_Lag 7","0.9645","0.9192","1.0122"
"Samut Prakan","cumulative_Lag 7","1.0394","1.0102","1.0695"
"Samut Songkhram","cumulative_Lag 7","1.0094","0.9361","1.0884"
"Satun","cumulative_Lag 7","0.8478","0.738","0.9739"
"Songkhla","cumulative_Lag 7","1.0099","0.9505","1.073"
"Sukhothai","cumulative_Lag 7","1.025","0.9842","1.0675"
"Suphan Buri","cumulative_Lag 7","1.0652","1.024","1.1081"
"Surat Thani","cumulative_Lag 7","1.0174","0.9555","1.0833"
"Tak","cumulative_Lag 7","0.9898","0.9538","1.0271"
"Trang","cumulative_Lag 7","1.088","0.9486","1.248"
"Trat","cumulative_Lag 7","0.9388","0.8514","1.0353"
"Ubon Ratchathani","cumulative_Lag 7","0.9913","0.9741","1.0089"
"Udon Thani","cumulative_Lag 7","1.018","0.984","1.0531"
"Uthai Thani","cumulative_Lag 7","1.0805","0.9887","1.1807"
"Uttaradit","cumulative_Lag 7","1.0273","0.9781","1.079"
"Yala","cumulative_Lag 7","0.9625","0.8585","1.0792"
