"Province","cumulative_Lag","RR","Lower","Upper"
"Bangkok","cumulative_Lag 4","1.0111","1.0009","1.0214"
"Buri Ram","cumulative_Lag 4","1.0227","0.9795","1.0678"
"Chachoengsao","cumulative_Lag 4","1.0019","0.9687","1.0362"
"Chanthaburi","cumulative_Lag 4","0.9765","0.9008","1.0586"
"Chiang Mai","cumulative_Lag 4","0.9929","0.9822","1.0037"
"Chiang Rai","cumulative_Lag 4","0.9968","0.9906","1.003"
"Chon Buri","cumulative_Lag 4","1.0203","0.9978","1.0433"
"Kamphaeng Phet","cumulative_Lag 4","1.0393","0.9795","1.1029"
"Kanchanaburi","cumulative_Lag 4","1.0162","0.9874","1.0458"
"Khon Kaen","cumulative_Lag 4","1.0112","0.9967","1.026"
"Lampang","cumulative_Lag 4","1.0003","0.9851","1.0157"
"Lamphun","cumulative_Lag 4","0.9904","0.965","1.0166"
"Loei","cumulative_Lag 4","0.9806","0.9609","1.0007"
"Lop Buri","cumulative_Lag 4","1.0261","0.9694","1.086"
"Mae Hong Son","cumulative_Lag 4","0.9908","0.9711","1.0108"
"Mukdahan","cumulative_Lag 4","0.9818","0.8638","1.116"
"Nakhon Pathom","cumulative_Lag 4","0.9921","0.965","1.02"
"Nakhon Phanom","cumulative_Lag 4","0.9793","0.9471","1.0126"
"Nakhon Ratchasima","cumulative_Lag 4","1.029","1.0143","1.044"
"Nakhon Sawan","cumulative_Lag 4","1.0169","0.9922","1.0423"
"Nakhon Si Thammarat","cumulative_Lag 4","1.0428","0.9762","1.1141"
"Nan","cumulative_Lag 4","0.9939","0.9803","1.0076"
"Narathiwat","cumulative_Lag 4","1.0074","0.9355","1.0848"
"Nong Khai","cumulative_Lag 4","1.0036","0.9802","1.0276"
"Pathum Thani","cumulative_Lag 4","1.0037","0.9756","1.0326"
"Phayao","cumulative_Lag 4","1.0086","0.991","1.0264"
"Phetchabun","cumulative_Lag 4","1.0099","0.9558","1.067"
"Phichit","cumulative_Lag 4","1.0952","1.0186","1.1776"
"Phitsanulok","cumulative_Lag 4","1.0008","0.9813","1.0208"
"Phra Nakhon Si Ayutthaya","cumulative_Lag 4","1.0209","0.9912","1.0515"
"Phrae","cumulative_Lag 4","1.0026","0.9815","1.0242"
"Phuket","cumulative_Lag 4","1.0463","0.9564","1.1446"
"Prachin Buri","cumulative_Lag 4","0.9871","0.9592","1.0157"
"Prachuap Khiri Khan","cumulative_Lag 4","1.0492","0.9776","1.1262"
"Ratchaburi","cumulative_Lag 4","1.03","1.0091","1.0515"
"Rayong","cumulative_Lag 4","0.993","0.9601","1.0271"
"Sa Kaeo","cumulative_Lag 4","0.9992","0.963","1.0368"
"Sakon Nakhon","cumulative_Lag 4","0.9763","0.9414","1.0126"
"Samut Prakan","cumulative_Lag 4","1.0361","1.0134","1.0593"
"Samut Songkhram","cumulative_Lag 4","1.0209","0.9608","1.0847"
"Satun","cumulative_Lag 4","0.8926","0.7984","0.9981"
"Songkhla","cumulative_Lag 4","1.0088","0.9648","1.0547"
"Sukhothai","cumulative_Lag 4","1.0256","0.9868","1.066"
"Suphan Buri","cumulative_Lag 4","1.0337","0.999","1.0696"
"Surat Thani","cumulative_Lag 4","0.9946","0.9474","1.0442"
"Tak","cumulative_Lag 4","1.0071","0.9757","1.0396"
"Trang","cumulative_Lag 4","1.0475","0.9351","1.1734"
"Trat","cumulative_Lag 4","0.9204","0.8468","1.0005"
"Ubon Ratchathani","cumulative_Lag 4","0.9925","0.9792","1.0061"
"Udon Thani","cumulative_Lag 4","1.0144","0.9883","1.0412"
"Uthai Thani","cumulative_Lag 4","1.052","0.9728","1.1375"
"Uttaradit","cumulative_Lag 4","1.0037","0.9643","1.0447"
"Yala","cumulative_Lag 4","0.9828","0.8986","1.0749"
