"Province","cumulative_Lag","RR","Lower","Upper"
"Bangkok","cumulative_Lag 6","1.0109","0.9997","1.0223"
"Buri Ram","cumulative_Lag 6","1.033","0.9876","1.0806"
"Chachoengsao","cumulative_Lag 6","0.9883","0.9528","1.0252"
"Chanthaburi","cumulative_Lag 6","0.9782","0.9041","1.0585"
"Chiang Mai","cumulative_Lag 6","0.9976","0.9866","1.0087"
"Chiang Rai","cumulative_Lag 6","0.995","0.989","1.0011"
"Chon Buri","cumulative_Lag 6","1.0154","0.9907","1.0407"
"Kamphaeng Phet","cumulative_Lag 6","1.0113","0.9471","1.0799"
"Kanchanaburi","cumulative_Lag 6","1.021","0.9901","1.0528"
"Khon Kaen","cumulative_Lag 6","1.0083","0.9921","1.0247"
"Lampang","cumulative_Lag 6","1.0045","0.988","1.0212"
"Lamphun","cumulative_Lag 6","1.0016","0.9735","1.0306"
"Loei","cumulative_Lag 6","0.9792","0.9576","1.0011"
"Lop Buri","cumulative_Lag 6","1.0139","0.9523","1.0794"
"Mae Hong Son","cumulative_Lag 6","0.9907","0.9708","1.011"
"Mukdahan","cumulative_Lag 6","0.9697","0.8425","1.116"
"Nakhon Pathom","cumulative_Lag 6","0.9998","0.9706","1.0299"
"Nakhon Phanom","cumulative_Lag 6","0.9673","0.932","1.004"
"Nakhon Ratchasima","cumulative_Lag 6","1.0269","1.0111","1.0429"
"Nakhon Sawan","cumulative_Lag 6","1.0134","0.9868","1.0408"
"Nakhon Si Thammarat","cumulative_Lag 6","1.0164","0.9481","1.0896"
"Nan","cumulative_Lag 6","0.9913","0.9771","1.0057"
"Narathiwat","cumulative_Lag 6","1.0113","0.934","1.0951"
"Nong Khai","cumulative_Lag 6","1.0039","0.9784","1.0301"
"Pathum Thani","cumulative_Lag 6","1.0045","0.9743","1.0357"
"Phayao","cumulative_Lag 6","1.0049","0.9862","1.0239"
"Phetchabun","cumulative_Lag 6","0.9951","0.9391","1.0544"
"Phichit","cumulative_Lag 6","1.0992","1.0169","1.1882"
"Phitsanulok","cumulative_Lag 6","0.9923","0.9716","1.0134"
"Phra Nakhon Si Ayutthaya","cumulative_Lag 6","1.0194","0.9873","1.0524"
"Phrae","cumulative_Lag 6","1.0113","0.9879","1.0353"
"Phuket","cumulative_Lag 6","1.0248","0.9269","1.1331"
"Prachin Buri","cumulative_Lag 6","0.9865","0.9567","1.0172"
"Prachuap Khiri Khan","cumulative_Lag 6","1.0474","0.9736","1.1268"
"Ratchaburi","cumulative_Lag 6","1.0204","0.9984","1.0429"
"Rayong","cumulative_Lag 6","0.9839","0.9485","1.0206"
"Sa Kaeo","cumulative_Lag 6","1.0108","0.9721","1.0511"
"Sakon Nakhon","cumulative_Lag 6","0.9634","0.9247","1.0037"
"Samut Prakan","cumulative_Lag 6","1.0364","1.0113","1.0621"
"Samut Songkhram","cumulative_Lag 6","1.0254","0.9607","1.0946"
"Satun","cumulative_Lag 6","0.8864","0.7849","1.0009"
"Songkhla","cumulative_Lag 6","1.0092","0.9595","1.0614"
"Sukhothai","cumulative_Lag 6","1.0189","0.9794","1.0599"
"Suphan Buri","cumulative_Lag 6","1.0421","1.0056","1.08"
"Surat Thani","cumulative_Lag 6","1.0059","0.9526","1.0622"
"Tak","cumulative_Lag 6","0.9938","0.9611","1.0278"
"Trang","cumulative_Lag 6","1.0605","0.9387","1.1981"
"Trat","cumulative_Lag 6","0.9073","0.8314","0.99"
"Ubon Ratchathani","cumulative_Lag 6","0.9893","0.9744","1.0045"
"Udon Thani","cumulative_Lag 6","1.0129","0.9837","1.043"
"Uthai Thani","cumulative_Lag 6","1.0611","0.9772","1.1523"
"Uttaradit","cumulative_Lag 6","1.0033","0.9609","1.0475"
"Yala","cumulative_Lag 6","0.9844","0.892","1.0864"
