"Province","cumulative_Lag","RR","Lower","Upper"
"Bangkok","cumulative_Lag 5","1.0108","0.9999","1.0218"
"Buri Ram","cumulative_Lag 5","1.0277","0.9814","1.0761"
"Chachoengsao","cumulative_Lag 5","0.9914","0.9564","1.0278"
"Chanthaburi","cumulative_Lag 5","0.967","0.8877","1.0533"
"Chiang Mai","cumulative_Lag 5","0.9947","0.9835","1.0061"
"Chiang Rai","cumulative_Lag 5","0.9966","0.9901","1.0031"
"Chon Buri","cumulative_Lag 5","1.0194","0.9952","1.0441"
"Kamphaeng Phet","cumulative_Lag 5","1.0319","0.967","1.1011"
"Kanchanaburi","cumulative_Lag 5","1.02","0.9892","1.0518"
"Khon Kaen","cumulative_Lag 5","1.0086","0.993","1.0243"
"Lampang","cumulative_Lag 5","1.0019","0.9856","1.0184"
"Lamphun","cumulative_Lag 5","0.9929","0.9655","1.0212"
"Loei","cumulative_Lag 5","0.9801","0.9591","1.0016"
"Lop Buri","cumulative_Lag 5","1.0193","0.9584","1.084"
"Mae Hong Son","cumulative_Lag 5","0.987","0.9664","1.0082"
"Mukdahan","cumulative_Lag 5","0.9768","0.8526","1.1191"
"Nakhon Pathom","cumulative_Lag 5","0.9926","0.9639","1.0222"
"Nakhon Phanom","cumulative_Lag 5","0.9739","0.9395","1.0096"
"Nakhon Ratchasima","cumulative_Lag 5","1.0277","1.012","1.0437"
"Nakhon Sawan","cumulative_Lag 5","1.0142","0.9878","1.0413"
"Nakhon Si Thammarat","cumulative_Lag 5","1.027","0.9574","1.1016"
"Nan","cumulative_Lag 5","0.9919","0.9775","1.0066"
"Narathiwat","cumulative_Lag 5","1.0111","0.9344","1.0941"
"Nong Khai","cumulative_Lag 5","1.0026","0.9776","1.0281"
"Pathum Thani","cumulative_Lag 5","1.0076","0.9776","1.0386"
"Phayao","cumulative_Lag 5","1.0085","0.9899","1.0275"
"Phetchabun","cumulative_Lag 5","1.0001","0.9433","1.0605"
"Phichit","cumulative_Lag 5","1.0994","1.0169","1.1885"
"Phitsanulok","cumulative_Lag 5","0.9937","0.9728","1.0151"
"Phra Nakhon Si Ayutthaya","cumulative_Lag 5","1.0262","0.9945","1.059"
"Phrae","cumulative_Lag 5","1.0065","0.9837","1.0298"
"Phuket","cumulative_Lag 5","1.0314","0.9359","1.1367"
"Prachin Buri","cumulative_Lag 5","0.9854","0.9557","1.016"
"Prachuap Khiri Khan","cumulative_Lag 5","1.0395","0.964","1.1209"
"Ratchaburi","cumulative_Lag 5","1.0252","1.003","1.0479"
"Rayong","cumulative_Lag 5","0.986","0.9511","1.0221"
"Sa Kaeo","cumulative_Lag 5","1.0054","0.9664","1.046"
"Sakon Nakhon","cumulative_Lag 5","0.9676","0.9302","1.0065"
"Samut Prakan","cumulative_Lag 5","1.0355","1.0113","1.0604"
"Samut Songkhram","cumulative_Lag 5","1.0286","0.9643","1.0971"
"Satun","cumulative_Lag 5","0.8999","0.7986","1.0141"
"Songkhla","cumulative_Lag 5","1.0088","0.9616","1.0584"
"Sukhothai","cumulative_Lag 5","1.0196","0.9787","1.0623"
"Suphan Buri","cumulative_Lag 5","1.0325","0.996","1.0705"
"Surat Thani","cumulative_Lag 5","0.9985","0.9474","1.0523"
"Tak","cumulative_Lag 5","0.9999","0.9666","1.0342"
"Trang","cumulative_Lag 5","1.0481","0.9285","1.183"
"Trat","cumulative_Lag 5","0.9027","0.8246","0.9882"
"Ubon Ratchathani","cumulative_Lag 5","0.9899","0.9756","1.0044"
"Udon Thani","cumulative_Lag 5","1.012","0.9839","1.041"
"Uthai Thani","cumulative_Lag 5","1.0524","0.9678","1.1444"
"Uttaradit","cumulative_Lag 5","0.9965","0.9541","1.0408"
"Yala","cumulative_Lag 5","0.9902","0.8995","1.0902"
