"Province","cumulative_Lag","RR","Lower","Upper"
"Bangkok","cumulative_Lag 2","1.011","1.001","1.021"
"Buri Ram","cumulative_Lag 2","1.0135","0.9758","1.0526"
"Chachoengsao","cumulative_Lag 2","1.0277","0.9954","1.0611"
"Chanthaburi","cumulative_Lag 2","1.0235","0.9464","1.1069"
"Chiang Mai","cumulative_Lag 2","0.9925","0.9821","1.0029"
"Chiang Rai","cumulative_Lag 2","0.9953","0.9888","1.0018"
"Chon Buri","cumulative_Lag 2","1.0153","0.9939","1.0371"
"Kamphaeng Phet","cumulative_Lag 2","1.0273","0.9796","1.0774"
"Kanchanaburi","cumulative_Lag 2","1.0047","0.977","1.0331"
"Khon Kaen","cumulative_Lag 2","1.0173","1.0035","1.0314"
"Lampang","cumulative_Lag 2","0.9993","0.9847","1.0141"
"Lamphun","cumulative_Lag 2","0.9965","0.9707","1.023"
"Loei","cumulative_Lag 2","0.9826","0.9639","1.0017"
"Lop Buri","cumulative_Lag 2","1.0351","0.9845","1.0883"
"Mae Hong Son","cumulative_Lag 2","1.0078","0.9874","1.0286"
"Mukdahan","cumulative_Lag 2","0.9882","0.8808","1.1087"
"Nakhon Pathom","cumulative_Lag 2","1.0016","0.9746","1.0293"
"Nakhon Phanom","cumulative_Lag 2","0.9876","0.9589","1.0173"
"Nakhon Ratchasima","cumulative_Lag 2","1.0285","1.0143","1.0429"
"Nakhon Sawan","cumulative_Lag 2","1.022","0.9989","1.0457"
"Nakhon Si Thammarat","cumulative_Lag 2","1.0693","1.0046","1.1382"
"Nan","cumulative_Lag 2","0.9992","0.9862","1.0124"
"Narathiwat","cumulative_Lag 2","0.9963","0.9288","1.0687"
"Nong Khai","cumulative_Lag 2","1.0082","0.9862","1.0307"
"Pathum Thani","cumulative_Lag 2","0.9878","0.9607","1.0156"
"Phayao","cumulative_Lag 2","1.0028","0.9859","1.02"
"Phetchabun","cumulative_Lag 2","1.0299","0.9815","1.0807"
"Phichit","cumulative_Lag 2","1.0726","1.0051","1.1447"
"Phitsanulok","cumulative_Lag 2","1.0195","1.001","1.0383"
"Phra Nakhon Si Ayutthaya","cumulative_Lag 2","0.9942","0.9664","1.0228"
"Phrae","cumulative_Lag 2","0.9979","0.9782","1.018"
"Phuket","cumulative_Lag 2","1.0751","0.989","1.1686"
"Prachin Buri","cumulative_Lag 2","0.995","0.9671","1.0236"
"Prachuap Khiri Khan","cumulative_Lag 2","1.0839","1.0134","1.1594"
"Ratchaburi","cumulative_Lag 2","1.0341","1.0128","1.0559"
"Rayong","cumulative_Lag 2","1.0114","0.9791","1.0448"
"Sa Kaeo","cumulative_Lag 2","0.989","0.9527","1.0268"
"Sakon Nakhon","cumulative_Lag 2","0.9982","0.9642","1.0334"
"Samut Prakan","cumulative_Lag 2","1.0351","1.0134","1.0573"
"Samut Songkhram","cumulative_Lag 2","0.9925","0.9359","1.0526"
"Satun","cumulative_Lag 2","0.864","0.7791","0.9581"
"Songkhla","cumulative_Lag 2","1.0081","0.9661","1.0519"
"Sukhothai","cumulative_Lag 2","1.0393","1.0042","1.0756"
"Suphan Buri","cumulative_Lag 2","1.0469","1.0135","1.0814"
"Surat Thani","cumulative_Lag 2","0.9945","0.9508","1.0402"
"Tak","cumulative_Lag 2","1.0189","0.9888","1.05"
"Trang","cumulative_Lag 2","1.0583","0.9517","1.1769"
"Trat","cumulative_Lag 2","0.9891","0.9071","1.0786"
"Ubon Ratchathani","cumulative_Lag 2","1.0002","0.9878","1.0127"
"Udon Thani","cumulative_Lag 2","1.021","0.9958","1.0468"
"Uthai Thani","cumulative_Lag 2","1.0572","0.9855","1.1342"
"Uttaradit","cumulative_Lag 2","1.034","0.9945","1.0752"
"Yala","cumulative_Lag 2","0.9556","0.8754","1.0431"
