"Province","cumulative_Lag","RR","Lower","Upper"
"Bangkok","cumulative_Lag 3","1.0114","1.0017","1.0212"
"Buri Ram","cumulative_Lag 3","1.018","0.9787","1.0589"
"Chachoengsao","cumulative_Lag 3","1.0159","0.9842","1.0486"
"Chanthaburi","cumulative_Lag 3","0.9992","0.927","1.0771"
"Chiang Mai","cumulative_Lag 3","0.9921","0.982","1.0024"
"Chiang Rai","cumulative_Lag 3","0.9961","0.9901","1.0021"
"Chon Buri","cumulative_Lag 3","1.0187","0.9976","1.0403"
"Kamphaeng Phet","cumulative_Lag 3","1.0364","0.984","1.0915"
"Kanchanaburi","cumulative_Lag 3","1.0105","0.9835","1.0382"
"Khon Kaen","cumulative_Lag 3","1.0148","1.0011","1.0288"
"Lampang","cumulative_Lag 3","0.9995","0.9852","1.014"
"Lamphun","cumulative_Lag 3","0.9925","0.9681","1.0174"
"Loei","cumulative_Lag 3","0.9812","0.9626","1.0001"
"Lop Buri","cumulative_Lag 3","1.0323","0.9804","1.0869"
"Mae Hong Son","cumulative_Lag 3","0.9991","0.9801","1.0184"
"Mukdahan","cumulative_Lag 3","0.9853","0.874","1.1108"
"Nakhon Pathom","cumulative_Lag 3","0.9962","0.9701","1.023"
"Nakhon Phanom","cumulative_Lag 3","0.9837","0.9539","1.0145"
"Nakhon Ratchasima","cumulative_Lag 3","1.0298","1.0159","1.0438"
"Nakhon Sawan","cumulative_Lag 3","1.0203","0.9972","1.0439"
"Nakhon Si Thammarat","cumulative_Lag 3","1.0594","0.9958","1.1271"
"Nan","cumulative_Lag 3","0.9966","0.9839","1.0094"
"Narathiwat","cumulative_Lag 3","1.0017","0.9344","1.074"
"Nong Khai","cumulative_Lag 3","1.006","0.984","1.0286"
"Pathum Thani","cumulative_Lag 3","0.9956","0.9691","1.0229"
"Phayao","cumulative_Lag 3","1.0061","0.9896","1.0229"
"Phetchabun","cumulative_Lag 3","1.0213","0.9711","1.074"
"Phichit","cumulative_Lag 3","1.0864","1.0166","1.161"
"Phitsanulok","cumulative_Lag 3","1.0109","0.9927","1.0294"
"Phra Nakhon Si Ayutthaya","cumulative_Lag 3","1.008","0.9802","1.0367"
"Phrae","cumulative_Lag 3","0.9997","0.98","1.0198"
"Phuket","cumulative_Lag 3","1.0637","0.9786","1.1563"
"Prachin Buri","cumulative_Lag 3","0.9907","0.9641","1.018"
"Prachuap Khiri Khan","cumulative_Lag 3","1.0684","1.0002","1.1412"
"Ratchaburi","cumulative_Lag 3","1.0337","1.0135","1.0543"
"Rayong","cumulative_Lag 3","1.0027","0.9712","1.0353"
"Sa Kaeo","cumulative_Lag 3","0.9932","0.959","1.0287"
"Sakon Nakhon","cumulative_Lag 3","0.9875","0.9544","1.0219"
"Samut Prakan","cumulative_Lag 3","1.0367","1.0152","1.0587"
"Samut Songkhram","cumulative_Lag 3","1.0067","0.9505","1.0663"
"Satun","cumulative_Lag 3","0.8754","0.7889","0.9714"
"Songkhla","cumulative_Lag 3","1.0086","0.9671","1.052"
"Sukhothai","cumulative_Lag 3","1.0338","0.998","1.0709"
"Suphan Buri","cumulative_Lag 3","1.0408","1.0078","1.0749"
"Surat Thani","cumulative_Lag 3","0.9936","0.9497","1.0396"
"Tak","cumulative_Lag 3","1.0142","0.9845","1.0449"
"Trang","cumulative_Lag 3","1.0536","0.9475","1.1716"
"Trat","cumulative_Lag 3","0.9532","0.8811","1.0311"
"Ubon Ratchathani","cumulative_Lag 3","0.9964","0.9839","1.009"
"Udon Thani","cumulative_Lag 3","1.0183","0.9937","1.0434"
"Uthai Thani","cumulative_Lag 3","1.0556","0.9829","1.1337"
"Uttaradit","cumulative_Lag 3","1.0191","0.9819","1.0577"
"Yala","cumulative_Lag 3","0.9683","0.8894","1.0542"
