"Province","cumulative_Lag","RR","Lower","Upper"
"Bangkok","cumulative_Lag 1","1.0092","0.9997","1.0188"
"Buri Ram","cumulative_Lag 1","1.009","0.9745","1.0448"
"Chachoengsao","cumulative_Lag 1","1.0313","1.0006","1.0629"
"Chanthaburi","cumulative_Lag 1","1.0369","0.9596","1.1204"
"Chiang Mai","cumulative_Lag 1","0.9939","0.984","1.0039"
"Chiang Rai","cumulative_Lag 1","0.9954","0.9889","1.0019"
"Chon Buri","cumulative_Lag 1","1.0107","0.9906","1.0313"
"Kamphaeng Phet","cumulative_Lag 1","1.0166","0.974","1.061"
"Kanchanaburi","cumulative_Lag 1","1.0004","0.9738","1.0277"
"Khon Kaen","cumulative_Lag 1","1.0165","1.0036","1.0296"
"Lampang","cumulative_Lag 1","0.9994","0.9855","1.0136"
"Lamphun","cumulative_Lag 1","1.0001","0.9746","1.0262"
"Loei","cumulative_Lag 1","0.9859","0.9681","1.004"
"Lop Buri","cumulative_Lag 1","1.0317","0.9847","1.081"
"Mae Hong Son","cumulative_Lag 1","1.0126","0.9922","1.0333"
"Mukdahan","cumulative_Lag 1","0.9912","0.8943","1.0986"
"Nakhon Pathom","cumulative_Lag 1","1.0053","0.9795","1.0319"
"Nakhon Phanom","cumulative_Lag 1","0.9915","0.9653","1.0184"
"Nakhon Ratchasima","cumulative_Lag 1","1.0236","1.01","1.0375"
"Nakhon Sawan","cumulative_Lag 1","1.0201","0.9983","1.0423"
"Nakhon Si Thammarat","cumulative_Lag 1","1.0653","1.004","1.1303"
"Nan","cumulative_Lag 1","1.001","0.9885","1.0137"
"Narathiwat","cumulative_Lag 1","0.9934","0.9297","1.0614"
"Nong Khai","cumulative_Lag 1","1.0085","0.988","1.0296"
"Pathum Thani","cumulative_Lag 1","0.9842","0.9584","1.0108"
"Phayao","cumulative_Lag 1","1.0001","0.9838","1.0165"
"Phetchabun","cumulative_Lag 1","1.0309","0.9867","1.0772"
"Phichit","cumulative_Lag 1","1.0536","0.9916","1.1195"
"Phitsanulok","cumulative_Lag 1","1.0223","1.0044","1.0404"
"Phra Nakhon Si Ayutthaya","cumulative_Lag 1","0.9858","0.9597","1.0126"
"Phrae","cumulative_Lag 1","0.9973","0.9788","1.0162"
"Phuket","cumulative_Lag 1","1.0713","0.9902","1.159"
"Prachin Buri","cumulative_Lag 1","0.9985","0.9712","1.0264"
"Prachuap Khiri Khan","cumulative_Lag 1","1.0825","1.0144","1.1551"
"Ratchaburi","cumulative_Lag 1","1.0293","1.0085","1.0506"
"Rayong","cumulative_Lag 1","1.0154","0.9846","1.0471"
"Sa Kaeo","cumulative_Lag 1","0.9881","0.9521","1.0255"
"Sakon Nakhon","cumulative_Lag 1","1.0051","0.9726","1.0388"
"Samut Prakan","cumulative_Lag 1","1.0293","1.0088","1.0501"
"Samut Songkhram","cumulative_Lag 1","0.9844","0.9308","1.041"
"Satun","cumulative_Lag 1","0.8733","0.7927","0.9621"
"Songkhla","cumulative_Lag 1","1.0066","0.967","1.0478"
"Sukhothai","cumulative_Lag 1","1.0373","1.0047","1.0709"
"Suphan Buri","cumulative_Lag 1","1.0448","1.0132","1.0773"
"Surat Thani","cumulative_Lag 1","0.9962","0.9552","1.039"
"Tak","cumulative_Lag 1","1.0189","0.9904","1.0484"
"Trang","cumulative_Lag 1","1.0538","0.9535","1.1647"
"Trat","cumulative_Lag 1","1.0148","0.9288","1.1087"
"Ubon Ratchathani","cumulative_Lag 1","1.0026","0.9911","1.0142"
"Udon Thani","cumulative_Lag 1","1.0199","0.9958","1.0445"
"Uthai Thani","cumulative_Lag 1","1.0507","0.9833","1.1227"
"Uttaradit","cumulative_Lag 1","1.0394","1","1.0803"
"Yala","cumulative_Lag 1","0.9531","0.8763","1.0367"
