"Province","cumulative_Lag","RR","Lower","Upper"
"Bangkok","cumulative_Lag 0","1.0096","0.9956","1.0238"
"Buri Ram","cumulative_Lag 0","1.0023","0.9504","1.057"
"Chachoengsao","cumulative_Lag 0","1.0493","1.0139","1.0859"
"Chanthaburi","cumulative_Lag 0","1.0084","0.9046","1.1241"
"Chiang Mai","cumulative_Lag 0","1.0052","0.9908","1.0197"
"Chiang Rai","cumulative_Lag 0","0.9918","0.9809","1.0028"
"Chon Buri","cumulative_Lag 0","1.023","0.9963","1.0503"
"Kamphaeng Phet","cumulative_Lag 0","1.0217","0.961","1.0862"
"Kanchanaburi","cumulative_Lag 0","1.0071","0.9791","1.0359"
"Khon Kaen","cumulative_Lag 0","1.0302","1.0119","1.0488"
"Lampang","cumulative_Lag 0","1.0036","0.9799","1.0279"
"Lamphun","cumulative_Lag 0","1.0095","0.9805","1.0393"
"Loei","cumulative_Lag 0","0.9979","0.975","1.0214"
"Lop Buri","cumulative_Lag 0","1.0882","1.0329","1.1464"
"Mae Hong Son","cumulative_Lag 0","0.9528","0.9244","0.9822"
"Mukdahan","cumulative_Lag 0","0.9985","0.8737","1.1412"
"Nakhon Pathom","cumulative_Lag 0","1.0271","0.9953","1.0598"
"Nakhon Phanom","cumulative_Lag 0","1.0012","0.9741","1.0291"
"Nakhon Ratchasima","cumulative_Lag 0","1.0213","1.0006","1.0425"
"Nakhon Sawan","cumulative_Lag 0","1.0151","0.9859","1.0452"
"Nakhon Si Thammarat","cumulative_Lag 0","1.0034","0.939","1.0723"
"Nan","cumulative_Lag 0","0.9983","0.9762","1.0208"
"Narathiwat","cumulative_Lag 0","0.9536","0.907","1.0026"
"Nong Khai","cumulative_Lag 0","1.005","0.9809","1.0298"
"Pathum Thani","cumulative_Lag 0","0.9868","0.9568","1.0177"
"Phayao","cumulative_Lag 0","0.9742","0.9487","1.0003"
"Phetchabun","cumulative_Lag 0","1.0207","0.9569","1.0887"
"Phichit","cumulative_Lag 0","1.048","0.9748","1.1266"
"Phitsanulok","cumulative_Lag 0","1.0259","0.9988","1.0536"
"Phra Nakhon Si Ayutthaya","cumulative_Lag 0","1.0024","0.9744","1.0312"
"Phrae","cumulative_Lag 0","1.0091","0.9853","1.0336"
"Phuket","cumulative_Lag 0","1.0262","0.9278","1.1352"
"Prachin Buri","cumulative_Lag 0","1.017","0.9798","1.0557"
"Prachuap Khiri Khan","cumulative_Lag 0","1.0015","0.9254","1.0838"
"Ratchaburi","cumulative_Lag 0","1.02","0.9976","1.0429"
"Rayong","cumulative_Lag 0","1.0504","1.0113","1.091"
"Sa Kaeo","cumulative_Lag 0","1.0011","0.9581","1.046"
"Sakon Nakhon","cumulative_Lag 0","1.0117","0.9648","1.0609"
"Samut Prakan","cumulative_Lag 0","0.9969","0.9704","1.0242"
"Samut Songkhram","cumulative_Lag 0","0.9824","0.9207","1.0482"
"Satun","cumulative_Lag 0","1.0087","0.9308","1.093"
"Songkhla","cumulative_Lag 0","1.0219","0.9782","1.0677"
"Sukhothai","cumulative_Lag 0","1.0196","0.9803","1.0604"
"Suphan Buri","cumulative_Lag 0","0.992","0.9555","1.0298"
"Surat Thani","cumulative_Lag 0","0.993","0.9424","1.0463"
"Tak","cumulative_Lag 0","0.9877","0.9527","1.024"
"Trang","cumulative_Lag 0","0.9982","0.8602","1.1582"
"Trat","cumulative_Lag 0","1.0496","0.9387","1.1735"
"Ubon Ratchathani","cumulative_Lag 0","1.0082","0.9929","1.0237"
"Udon Thani","cumulative_Lag 0","1.0301","0.9978","1.0634"
"Uthai Thani","cumulative_Lag 0","1.0071","0.9281","1.0929"
"Uttaradit","cumulative_Lag 0","1.0555","0.9858","1.13"
"Yala","cumulative_Lag 0","1.0421","0.9852","1.1022"
