"Province","cumulative_Lag","RR","Lower","Upper"
"Bangkok","cumulative_Lag 4","1.0315","1.0092","1.0543"
"Buri Ram","cumulative_Lag 4","1.0664","0.971","1.1713"
"Chachoengsao","cumulative_Lag 4","1.0664","1.0072","1.129"
"Chanthaburi","cumulative_Lag 4","1.0559","0.8927","1.249"
"Chiang Mai","cumulative_Lag 4","1.0114","0.9883","1.0349"
"Chiang Rai","cumulative_Lag 4","0.9876","0.9724","1.003"
"Chon Buri","cumulative_Lag 4","1.0333","0.9908","1.0775"
"Kamphaeng Phet","cumulative_Lag 4","0.9505","0.844","1.0703"
"Kanchanaburi","cumulative_Lag 4","1.0131","0.9703","1.0578"
"Khon Kaen","cumulative_Lag 4","1.0358","1.0045","1.0682"
"Lampang","cumulative_Lag 4","1.0064","0.9684","1.046"
"Lamphun","cumulative_Lag 4","1.0055","0.9612","1.0519"
"Loei","cumulative_Lag 4","0.9768","0.9393","1.0158"
"Lop Buri","cumulative_Lag 4","1.0717","0.9771","1.1754"
"Mae Hong Son","cumulative_Lag 4","1.0311","0.9886","1.0753"
"Mukdahan","cumulative_Lag 4","1.0105","0.7803","1.3085"
"Nakhon Pathom","cumulative_Lag 4","1.0644","1.0136","1.1177"
"Nakhon Phanom","cumulative_Lag 4","0.9942","0.9433","1.048"
"Nakhon Ratchasima","cumulative_Lag 4","1.052","1.0187","1.0864"
"Nakhon Sawan","cumulative_Lag 4","1.0226","0.9745","1.073"
"Nakhon Si Thammarat","cumulative_Lag 4","0.9918","0.8897","1.1057"
"Nan","cumulative_Lag 4","1.0119","0.9767","1.0485"
"Narathiwat","cumulative_Lag 4","0.9759","0.8992","1.059"
"Nong Khai","cumulative_Lag 4","0.9889","0.9494","1.03"
"Pathum Thani","cumulative_Lag 4","0.9931","0.946","1.0426"
"Phayao","cumulative_Lag 4","0.9874","0.9464","1.0302"
"Phetchabun","cumulative_Lag 4","1.0301","0.915","1.1597"
"Phichit","cumulative_Lag 4","1.0113","0.8904","1.1487"
"Phitsanulok","cumulative_Lag 4","1.0346","0.9915","1.0795"
"Phra Nakhon Si Ayutthaya","cumulative_Lag 4","0.9905","0.9456","1.0375"
"Phrae","cumulative_Lag 4","1.0081","0.9701","1.0476"
"Phuket","cumulative_Lag 4","0.9537","0.8022","1.1339"
"Prachin Buri","cumulative_Lag 4","1.0191","0.9648","1.0765"
"Prachuap Khiri Khan","cumulative_Lag 4","1.1438","1.0083","1.2976"
"Ratchaburi","cumulative_Lag 4","1.0208","0.9886","1.054"
"Rayong","cumulative_Lag 4","1.0488","0.9882","1.1131"
"Sa Kaeo","cumulative_Lag 4","1.0837","1.0193","1.1521"
"Sakon Nakhon","cumulative_Lag 4","1.0035","0.9292","1.0837"
"Samut Prakan","cumulative_Lag 4","0.9849","0.9432","1.0285"
"Samut Songkhram","cumulative_Lag 4","1.0067","0.9103","1.1132"
"Satun","cumulative_Lag 4","1.0852","0.9496","1.2401"
"Songkhla","cumulative_Lag 4","1.0246","0.952","1.1027"
"Sukhothai","cumulative_Lag 4","1.0336","0.9634","1.109"
"Suphan Buri","cumulative_Lag 4","1.0037","0.9437","1.0675"
"Surat Thani","cumulative_Lag 4","1.0519","0.9623","1.1497"
"Tak","cumulative_Lag 4","0.9867","0.9309","1.0459"
"Trang","cumulative_Lag 4","1.0414","0.8167","1.3278"
"Trat","cumulative_Lag 4","1.2229","1.0448","1.4313"
"Ubon Ratchathani","cumulative_Lag 4","0.997","0.971","1.0238"
"Udon Thani","cumulative_Lag 4","1.0127","0.9607","1.0674"
"Uthai Thani","cumulative_Lag 4","1.0588","0.9134","1.2274"
"Uttaradit","cumulative_Lag 4","0.9841","0.8862","1.0928"
"Yala","cumulative_Lag 4","1.0604","0.9702","1.1591"
