"Province","cumulative_Lag","RR","Lower","Upper"
"Bangkok","cumulative_Lag 7","1.0331","1.0039","1.0631"
"Buri Ram","cumulative_Lag 7","1.0621","0.9585","1.177"
"Chachoengsao","cumulative_Lag 7","1.0645","0.9904","1.1441"
"Chanthaburi","cumulative_Lag 7","1.0095","0.8522","1.1959"
"Chiang Mai","cumulative_Lag 7","1.0215","0.9947","1.0491"
"Chiang Rai","cumulative_Lag 7","0.9843","0.9682","1.0006"
"Chon Buri","cumulative_Lag 7","1.0606","1.0049","1.1195"
"Kamphaeng Phet","cumulative_Lag 7","1.0474","0.9116","1.2035"
"Kanchanaburi","cumulative_Lag 7","1.0038","0.953","1.0574"
"Khon Kaen","cumulative_Lag 7","1.0377","0.9965","1.0806"
"Lampang","cumulative_Lag 7","1.024","0.9766","1.0737"
"Lamphun","cumulative_Lag 7","0.9728","0.9187","1.03"
"Loei","cumulative_Lag 7","0.9758","0.9288","1.0251"
"Lop Buri","cumulative_Lag 7","1.1092","0.9906","1.2419"
"Mae Hong Son","cumulative_Lag 7","0.9954","0.9484","1.0447"
"Mukdahan","cumulative_Lag 7","0.9051","0.6623","1.237"
"Nakhon Pathom","cumulative_Lag 7","1.1036","1.038","1.1733"
"Nakhon Phanom","cumulative_Lag 7","1.0073","0.944","1.0748"
"Nakhon Ratchasima","cumulative_Lag 7","1.0686","1.0272","1.1118"
"Nakhon Sawan","cumulative_Lag 7","1.0427","0.9831","1.1059"
"Nakhon Si Thammarat","cumulative_Lag 7","0.9941","0.8766","1.1273"
"Nan","cumulative_Lag 7","0.9644","0.923","1.0076"
"Narathiwat","cumulative_Lag 7","1.0335","0.9374","1.1393"
"Nong Khai","cumulative_Lag 7","0.9974","0.9477","1.0496"
"Pathum Thani","cumulative_Lag 7","1.0013","0.9427","1.0635"
"Phayao","cumulative_Lag 7","0.9841","0.9344","1.0365"
"Phetchabun","cumulative_Lag 7","1.0106","0.8834","1.1562"
"Phichit","cumulative_Lag 7","1.0871","0.938","1.2599"
"Phitsanulok","cumulative_Lag 7","1.0692","1.0167","1.1245"
"Phra Nakhon Si Ayutthaya","cumulative_Lag 7","1.0037","0.9467","1.064"
"Phrae","cumulative_Lag 7","1.0433","0.9939","1.0952"
"Phuket","cumulative_Lag 7","1.0337","0.8332","1.2824"
"Prachin Buri","cumulative_Lag 7","0.9929","0.927","1.0635"
"Prachuap Khiri Khan","cumulative_Lag 7","1.1436","0.9953","1.3141"
"Ratchaburi","cumulative_Lag 7","1.0298","0.9901","1.0712"
"Rayong","cumulative_Lag 7","1.086","1.0072","1.1711"
"Sa Kaeo","cumulative_Lag 7","1.076","0.9972","1.161"
"Sakon Nakhon","cumulative_Lag 7","1.0208","0.9253","1.1261"
"Samut Prakan","cumulative_Lag 7","0.9601","0.9086","1.0145"
"Samut Songkhram","cumulative_Lag 7","0.9779","0.8682","1.1013"
"Satun","cumulative_Lag 7","1.0352","0.8695","1.2325"
"Songkhla","cumulative_Lag 7","1.0337","0.9361","1.1413"
"Sukhothai","cumulative_Lag 7","1.0525","0.976","1.1349"
"Suphan Buri","cumulative_Lag 7","1.057","0.9849","1.1344"
"Surat Thani","cumulative_Lag 7","1.0238","0.9124","1.1489"
"Tak","cumulative_Lag 7","0.9893","0.9245","1.0586"
"Trang","cumulative_Lag 7","0.7659","0.5682","1.0324"
"Trat","cumulative_Lag 7","0.9707","0.809","1.1648"
"Ubon Ratchathani","cumulative_Lag 7","1.0009","0.9673","1.0358"
"Udon Thani","cumulative_Lag 7","1.0463","0.9779","1.1195"
"Uthai Thani","cumulative_Lag 7","1.0354","0.8841","1.2124"
"Uttaradit","cumulative_Lag 7","0.9776","0.8559","1.1167"
"Yala","cumulative_Lag 7","1.0253","0.9137","1.1506"
