"Province","cumulative_Lag","RR","Lower","Upper"
"Bangkok","cumulative_Lag 3","1.0284","1.0073","1.0499"
"Buri Ram","cumulative_Lag 3","1.0487","0.962","1.1432"
"Chachoengsao","cumulative_Lag 3","1.0789","1.0226","1.1383"
"Chanthaburi","cumulative_Lag 3","1.0479","0.8966","1.2248"
"Chiang Mai","cumulative_Lag 3","1.0107","0.9889","1.033"
"Chiang Rai","cumulative_Lag 3","0.9863","0.9716","1.0012"
"Chon Buri","cumulative_Lag 3","1.0365","0.9962","1.0785"
"Kamphaeng Phet","cumulative_Lag 3","0.9715","0.8753","1.0783"
"Kanchanaburi","cumulative_Lag 3","1.0144","0.9739","1.0565"
"Khon Kaen","cumulative_Lag 3","1.0445","1.0149","1.075"
"Lampang","cumulative_Lag 3","1.0057","0.9702","1.0426"
"Lamphun","cumulative_Lag 3","1.012","0.9698","1.0559"
"Loei","cumulative_Lag 3","0.9822","0.947","1.0188"
"Lop Buri","cumulative_Lag 3","1.1051","1.016","1.2019"
"Mae Hong Son","cumulative_Lag 3","0.9939","0.9548","1.0345"
"Mukdahan","cumulative_Lag 3","1.0135","0.7975","1.288"
"Nakhon Pathom","cumulative_Lag 3","1.0607","1.0125","1.1111"
"Nakhon Phanom","cumulative_Lag 3","0.9958","0.9485","1.0456"
"Nakhon Ratchasima","cumulative_Lag 3","1.0495","1.0186","1.0814"
"Nakhon Sawan","cumulative_Lag 3","1.0243","0.9796","1.0711"
"Nakhon Si Thammarat","cumulative_Lag 3","0.9962","0.8995","1.1032"
"Nan","cumulative_Lag 3","1.0104","0.9773","1.0447"
"Narathiwat","cumulative_Lag 3","0.9506","0.8802","1.0266"
"Nong Khai","cumulative_Lag 3","0.9947","0.9572","1.0336"
"Pathum Thani","cumulative_Lag 3","0.9864","0.942","1.0328"
"Phayao","cumulative_Lag 3","0.9752","0.9373","1.0146"
"Phetchabun","cumulative_Lag 3","1.0358","0.9297","1.1539"
"Phichit","cumulative_Lag 3","1.0333","0.92","1.1605"
"Phitsanulok","cumulative_Lag 3","1.0388","0.9988","1.0805"
"Phra Nakhon Si Ayutthaya","cumulative_Lag 3","0.9938","0.9515","1.0381"
"Phrae","cumulative_Lag 3","1.0093","0.974","1.046"
"Phuket","cumulative_Lag 3","0.9776","0.8336","1.1465"
"Prachin Buri","cumulative_Lag 3","1.026","0.974","1.0808"
"Prachuap Khiri Khan","cumulative_Lag 3","1.1016","0.9793","1.2391"
"Ratchaburi","cumulative_Lag 3","1.0268","0.9959","1.0586"
"Rayong","cumulative_Lag 3","1.0645","1.0061","1.1262"
"Sa Kaeo","cumulative_Lag 3","1.0601","0.9998","1.1241"
"Sakon Nakhon","cumulative_Lag 3","1.0087","0.9393","1.0831"
"Samut Prakan","cumulative_Lag 3","0.9889","0.949","1.0305"
"Samut Songkhram","cumulative_Lag 3","0.9955","0.9056","1.0942"
"Satun","cumulative_Lag 3","1.0689","0.9438","1.2105"
"Songkhla","cumulative_Lag 3","1.0308","0.9624","1.1041"
"Sukhothai","cumulative_Lag 3","1.0351","0.9706","1.104"
"Suphan Buri","cumulative_Lag 3","0.9944","0.9382","1.0539"
"Surat Thani","cumulative_Lag 3","1.0339","0.9515","1.1234"
"Tak","cumulative_Lag 3","0.9827","0.9306","1.0378"
"Trang","cumulative_Lag 3","1.0481","0.8317","1.3208"
"Trat","cumulative_Lag 3","1.2069","1.045","1.3939"
"Ubon Ratchathani","cumulative_Lag 3","1.0027","0.9783","1.0278"
"Udon Thani","cumulative_Lag 3","1.0257","0.9766","1.0774"
"Uthai Thani","cumulative_Lag 3","1.0477","0.9181","1.1956"
"Uttaradit","cumulative_Lag 3","1.0229","0.9305","1.1245"
"Yala","cumulative_Lag 3","1.0721","0.9854","1.1666"
