"Province","cumulative_Lag","RR","Lower","Upper"
"Bangkok","cumulative_Lag 6","1.0338","1.009","1.0592"
"Buri Ram","cumulative_Lag 6","1.076","0.9755","1.1867"
"Chachoengsao","cumulative_Lag 6","1.0549","0.991","1.123"
"Chanthaburi","cumulative_Lag 6","1.0387","0.8829","1.222"
"Chiang Mai","cumulative_Lag 6","1.0163","0.9923","1.0408"
"Chiang Rai","cumulative_Lag 6","0.9873","0.9728","1.002"
"Chon Buri","cumulative_Lag 6","1.0427","0.9954","1.0922"
"Kamphaeng Phet","cumulative_Lag 6","0.9795","0.8597","1.1162"
"Kanchanaburi","cumulative_Lag 6","1.0076","0.9625","1.0548"
"Khon Kaen","cumulative_Lag 6","1.0296","0.9944","1.0661"
"Lampang","cumulative_Lag 6","1.0149","0.9735","1.058"
"Lamphun","cumulative_Lag 6","0.9855","0.9383","1.0352"
"Loei","cumulative_Lag 6","0.9729","0.9321","1.0156"
"Lop Buri","cumulative_Lag 6","1.0631","0.9607","1.1765"
"Mae Hong Son","cumulative_Lag 6","1.0412","0.9988","1.0854"
"Mukdahan","cumulative_Lag 6","0.958","0.725","1.2659"
"Nakhon Pathom","cumulative_Lag 6","1.0836","1.028","1.1422"
"Nakhon Phanom","cumulative_Lag 6","0.9992","0.9428","1.0589"
"Nakhon Ratchasima","cumulative_Lag 6","1.0603","1.024","1.0978"
"Nakhon Sawan","cumulative_Lag 6","1.03","0.9773","1.0856"
"Nakhon Si Thammarat","cumulative_Lag 6","0.9899","0.8834","1.1093"
"Nan","cumulative_Lag 6","0.9905","0.9542","1.0281"
"Narathiwat","cumulative_Lag 6","1.0219","0.9365","1.1152"
"Nong Khai","cumulative_Lag 6","0.9889","0.9457","1.034"
"Pathum Thani","cumulative_Lag 6","1.002","0.9506","1.0562"
"Phayao","cumulative_Lag 6","0.9952","0.9511","1.0412"
"Phetchabun","cumulative_Lag 6","1.0164","0.8962","1.1527"
"Phichit","cumulative_Lag 6","1.0292","0.8974","1.1804"
"Phitsanulok","cumulative_Lag 6","1.0465","0.9996","1.0956"
"Phra Nakhon Si Ayutthaya","cumulative_Lag 6","0.9943","0.9447","1.0465"
"Phrae","cumulative_Lag 6","1.0231","0.9804","1.0677"
"Phuket","cumulative_Lag 6","0.9733","0.8027","1.18"
"Prachin Buri","cumulative_Lag 6","1.0016","0.944","1.0627"
"Prachuap Khiri Khan","cumulative_Lag 6","1.1719","1.0292","1.3344"
"Ratchaburi","cumulative_Lag 6","1.0201","0.986","1.0553"
"Rayong","cumulative_Lag 6","1.0533","0.9867","1.1244"
"Sa Kaeo","cumulative_Lag 6","1.0955","1.0268","1.1688"
"Sakon Nakhon","cumulative_Lag 6","1.0076","0.9244","1.0982"
"Samut Prakan","cumulative_Lag 6","0.9709","0.926","1.0179"
"Samut Songkhram","cumulative_Lag 6","1.0012","0.9011","1.1124"
"Satun","cumulative_Lag 6","1.0716","0.9246","1.2418"
"Songkhla","cumulative_Lag 6","1.0237","0.9418","1.1128"
"Sukhothai","cumulative_Lag 6","1.0404","0.9677","1.1186"
"Suphan Buri","cumulative_Lag 6","1.0349","0.9705","1.1036"
"Surat Thani","cumulative_Lag 6","1.0507","0.9512","1.1606"
"Tak","cumulative_Lag 6","0.9911","0.932","1.0539"
"Trang","cumulative_Lag 6","0.8985","0.6932","1.1646"
"Trat","cumulative_Lag 6","1.1046","0.941","1.2967"
"Ubon Ratchathani","cumulative_Lag 6","0.9948","0.9658","1.0246"
"Udon Thani","cumulative_Lag 6","1.0182","0.9601","1.0799"
"Uthai Thani","cumulative_Lag 6","1.0547","0.9048","1.2293"
"Uttaradit","cumulative_Lag 6","0.9542","0.8493","1.0721"
"Yala","cumulative_Lag 6","1.0344","0.9372","1.1416"
