"Province","cumulative_Lag","RR","Lower","Upper"
"Bangkok","cumulative_Lag 2","1.0237","1.0022","1.0458"
"Buri Ram","cumulative_Lag 2","1.029","0.9458","1.1194"
"Chachoengsao","cumulative_Lag 2","1.0855","1.0288","1.1454"
"Chanthaburi","cumulative_Lag 2","1.0345","0.8819","1.2136"
"Chiang Mai","cumulative_Lag 2","1.0101","0.988","1.0326"
"Chiang Rai","cumulative_Lag 2","0.9857","0.97","1.0016"
"Chon Buri","cumulative_Lag 2","1.0389","0.9977","1.0819"
"Kamphaeng Phet","cumulative_Lag 2","0.9995","0.9065","1.1021"
"Kanchanaburi","cumulative_Lag 2","1.0141","0.9723","1.0576"
"Khon Kaen","cumulative_Lag 2","1.05","1.0204","1.0803"
"Lampang","cumulative_Lag 2","1.0058","0.9698","1.0432"
"Lamphun","cumulative_Lag 2","1.0152","0.9717","1.0606"
"Loei","cumulative_Lag 2","0.9883","0.953","1.025"
"Lop Buri","cumulative_Lag 2","1.1327","1.0437","1.2293"
"Mae Hong Son","cumulative_Lag 2","0.9585","0.9181","1.0006"
"Mukdahan","cumulative_Lag 2","1.0085","0.8034","1.266"
"Nakhon Pathom","cumulative_Lag 2","1.0557","1.0065","1.1072"
"Nakhon Phanom","cumulative_Lag 2","0.9984","0.9532","1.0459"
"Nakhon Ratchasima","cumulative_Lag 2","1.0451","1.0136","1.0775"
"Nakhon Sawan","cumulative_Lag 2","1.0257","0.9807","1.0728"
"Nakhon Si Thammarat","cumulative_Lag 2","1.0006","0.903","1.1087"
"Nan","cumulative_Lag 2","1.0054","0.9719","1.04"
"Narathiwat","cumulative_Lag 2","0.9338","0.8641","1.0091"
"Nong Khai","cumulative_Lag 2","1.001","0.9633","1.0401"
"Pathum Thani","cumulative_Lag 2","0.9814","0.9362","1.0287"
"Phayao","cumulative_Lag 2","0.9652","0.9271","1.0048"
"Phetchabun","cumulative_Lag 2","1.0375","0.9352","1.151"
"Phichit","cumulative_Lag 2","1.0569","0.9436","1.1838"
"Phitsanulok","cumulative_Lag 2","1.0425","1.0017","1.085"
"Phra Nakhon Si Ayutthaya","cumulative_Lag 2","0.9982","0.9553","1.043"
"Phrae","cumulative_Lag 2","1.0121","0.9761","1.0494"
"Phuket","cumulative_Lag 2","1.007","0.8601","1.179"
"Prachin Buri","cumulative_Lag 2","1.0292","0.9744","1.087"
"Prachuap Khiri Khan","cumulative_Lag 2","1.0569","0.938","1.1909"
"Ratchaburi","cumulative_Lag 2","1.0314","0.9986","1.0652"
"Rayong","cumulative_Lag 2","1.0775","1.017","1.1416"
"Sa Kaeo","cumulative_Lag 2","1.0343","0.9713","1.1014"
"Sakon Nakhon","cumulative_Lag 2","1.0141","0.9436","1.0899"
"Samut Prakan","cumulative_Lag 2","0.9918","0.9511","1.0341"
"Samut Songkhram","cumulative_Lag 2","0.9836","0.8926","1.0838"
"Satun","cumulative_Lag 2","1.0463","0.9239","1.185"
"Songkhla","cumulative_Lag 2","1.0352","0.9665","1.1087"
"Sukhothai","cumulative_Lag 2","1.0355","0.9729","1.1021"
"Suphan Buri","cumulative_Lag 2","0.9893","0.9331","1.0488"
"Surat Thani","cumulative_Lag 2","1.0135","0.9332","1.1006"
"Tak","cumulative_Lag 2","0.9802","0.9276","1.0358"
"Trang","cumulative_Lag 2","1.0314","0.8169","1.3021"
"Trat","cumulative_Lag 2","1.1613","0.996","1.3541"
"Ubon Ratchathani","cumulative_Lag 2","1.0082","0.984","1.0331"
"Udon Thani","cumulative_Lag 2","1.0386","0.9886","1.0912"
"Uthai Thani","cumulative_Lag 2","1.0329","0.9097","1.1727"
"Uttaradit","cumulative_Lag 2","1.0588","0.9603","1.1673"
"Yala","cumulative_Lag 2","1.0763","0.9874","1.1732"
