"nhso_region_code","prov_name"
1,"Chiang Mai, Chiang Rai, Lampang, Lamphun, Mae Hong Son, Nan, Phayao, Phrae"
2,"Phetchabun, Phitsanulok, Sukhothai, Tak, Uttaradit"
3,"Kamphaeng Phet, Nakhon Sawan, Phichit, Uthai Thani"
4,"Lop Buri, Nonthaburi, Pathum Thani, Phra Nakhon Si Ayutthaya, Saraburi"
5,"Kanchanaburi, Nakhon Pathom, Prachuap Khiri Khan, Ratchaburi, Samut Sakhon, Samut Songkhram, Suphan Buri"
6,"Chachoengsao, Chanthaburi, Chon Buri, Prachin Buri, Rayong, Sa Kaeo, Samut Prakan, Trat"
7,"Khon Kaen"
8,"Loei, Nakhon Phanom, Nong Khai, Sakon Nakhon, Udon Thani"
9,"Buri Ram, Nakhon Ratchasima"
10,"Mukdahan, Ubon Ratchathani"
11,"Nakhon Si Thammarat, Phuket, Surat Thani"
12,"Narathiwat, Satun, Songkhla, Trang, Yala"
13,"Bangkok"
