"Province","cumulative_Lag","RR","Lower","Upper"
"Bangkok","cumulative_Lag 7","1.064","1.0377","1.091"
"Buri Ram","cumulative_Lag 7","1.0108","0.9217","1.1084"
"Chachoengsao","cumulative_Lag 7","1.0653","0.9998","1.135"
"Chanthaburi","cumulative_Lag 7","1.0379","0.9001","1.1968"
"Chiang Mai","cumulative_Lag 7","1.0254","1.0033","1.048"
"Chiang Rai","cumulative_Lag 7","0.9862","0.9722","1.0003"
"Chon Buri","cumulative_Lag 7","1.0477","0.9992","1.0987"
"Kamphaeng Phet","cumulative_Lag 7","1.0535","0.9462","1.1728"
"Kanchanaburi","cumulative_Lag 7","1.0265","0.9812","1.0739"
"Khon Kaen","cumulative_Lag 7","1.0018","0.9661","1.0388"
"Lampang","cumulative_Lag 7","1.0081","0.9702","1.0474"
"Lamphun","cumulative_Lag 7","0.9862","0.9386","1.0362"
"Loei","cumulative_Lag 7","0.9729","0.9291","1.0188"
"Lop Buri","cumulative_Lag 7","1.1209","1.0189","1.2331"
"Mae Hong Son","cumulative_Lag 7","1.019","0.9798","1.0597"
"Mukdahan","cumulative_Lag 7","0.923","0.6911","1.2327"
"Nakhon Pathom","cumulative_Lag 7","1.0605","1.0063","1.1176"
"Nakhon Phanom","cumulative_Lag 7","1.014","0.9557","1.0758"
"Nakhon Ratchasima","cumulative_Lag 7","1.0782","1.0441","1.1134"
"Nakhon Sawan","cumulative_Lag 7","1.0603","1.0122","1.1107"
"Nakhon Si Thammarat","cumulative_Lag 7","1.1142","1.0095","1.2297"
"Nan","cumulative_Lag 7","0.9755","0.9397","1.0127"
"Narathiwat","cumulative_Lag 7","1.0087","0.9164","1.1102"
"Nong Khai","cumulative_Lag 7","1.0088","0.9629","1.0569"
"Pathum Thani","cumulative_Lag 7","1.0252","0.9699","1.0837"
"Phayao","cumulative_Lag 7","0.978","0.9376","1.0201"
"Phetchabun","cumulative_Lag 7","1.0084","0.9035","1.1255"
"Phichit","cumulative_Lag 7","0.9819","0.879","1.0968"
"Phitsanulok","cumulative_Lag 7","1.0414","1.0008","1.0837"
"Phra Nakhon Si Ayutthaya","cumulative_Lag 7","1.0111","0.9553","1.0703"
"Phrae","cumulative_Lag 7","1.0204","0.9759","1.0668"
"Phuket","cumulative_Lag 7","1.1028","0.9102","1.3361"
"Prachin Buri","cumulative_Lag 7","1.0519","0.9912","1.1163"
"Prachuap Khiri Khan","cumulative_Lag 7","1.1024","0.9805","1.2393"
"Ratchaburi","cumulative_Lag 7","1.0191","0.9855","1.0539"
"Rayong","cumulative_Lag 7","1.0433","0.9752","1.1162"
"Sa Kaeo","cumulative_Lag 7","1.0296","0.9635","1.1002"
"Sakon Nakhon","cumulative_Lag 7","1.0516","0.9552","1.1577"
"Samut Prakan","cumulative_Lag 7","1.0147","0.9687","1.0629"
"Samut Songkhram","cumulative_Lag 7","1.1364","1.0267","1.2579"
"Satun","cumulative_Lag 7","1.0377","0.8866","1.2146"
"Songkhla","cumulative_Lag 7","0.9803","0.8991","1.0689"
"Sukhothai","cumulative_Lag 7","1.013","0.952","1.078"
"Suphan Buri","cumulative_Lag 7","1.0124","0.9526","1.0759"
"Surat Thani","cumulative_Lag 7","1.1028","1.0093","1.205"
"Tak","cumulative_Lag 7","0.9693","0.9128","1.0293"
"Trang","cumulative_Lag 7","0.8098","0.6337","1.0348"
"Trat","cumulative_Lag 7","1.0111","0.8534","1.1979"
"Ubon Ratchathani","cumulative_Lag 7","1.012","0.9808","1.0442"
"Udon Thani","cumulative_Lag 7","1.0372","0.9763","1.1019"
"Uthai Thani","cumulative_Lag 7","1.1462","1.0178","1.2908"
"Uttaradit","cumulative_Lag 7","1.0397","0.9367","1.1541"
"Yala","cumulative_Lag 7","0.9773","0.8719","1.0955"
