"Province","cumulative_Lag","RR","Lower","Upper"
"Bangkok","cumulative_Lag 0","1.0192","1.0068","1.0318"
"Buri Ram","cumulative_Lag 0","0.9814","0.9351","1.03"
"Chachoengsao","cumulative_Lag 0","1.0158","0.9853","1.0473"
"Chanthaburi","cumulative_Lag 0","1.0065","0.9177","1.1038"
"Chiang Mai","cumulative_Lag 0","1.0033","0.9914","1.0153"
"Chiang Rai","cumulative_Lag 0","0.9912","0.9817","1.0007"
"Chon Buri","cumulative_Lag 0","1.0275","1.0039","1.0516"
"Kamphaeng Phet","cumulative_Lag 0","0.9891","0.9437","1.0366"
"Kanchanaburi","cumulative_Lag 0","1.0096","0.9852","1.0346"
"Khon Kaen","cumulative_Lag 0","1.0251","1.0085","1.042"
"Lampang","cumulative_Lag 0","0.9904","0.9711","1.01"
"Lamphun","cumulative_Lag 0","0.9963","0.9713","1.0219"
"Loei","cumulative_Lag 0","1.0034","0.9819","1.0254"
"Lop Buri","cumulative_Lag 0","1.1116","1.0641","1.1612"
"Mae Hong Son","cumulative_Lag 0","1.0141","0.9901","1.0387"
"Mukdahan","cumulative_Lag 0","1.0468","0.9296","1.1787"
"Nakhon Pathom","cumulative_Lag 0","1.0109","0.9845","1.038"
"Nakhon Phanom","cumulative_Lag 0","1.0135","0.9883","1.0393"
"Nakhon Ratchasima","cumulative_Lag 0","1.0292","1.0122","1.0464"
"Nakhon Sawan","cumulative_Lag 0","0.9987","0.9761","1.0219"
"Nakhon Si Thammarat","cumulative_Lag 0","1.0691","1.0153","1.1257"
"Nan","cumulative_Lag 0","0.9937","0.9745","1.0132"
"Narathiwat","cumulative_Lag 0","0.9774","0.9318","1.0253"
"Nong Khai","cumulative_Lag 0","1.0334","1.0114","1.0558"
"Pathum Thani","cumulative_Lag 0","1.0022","0.9741","1.0312"
"Phayao","cumulative_Lag 0","0.9835","0.9632","1.0043"
"Phetchabun","cumulative_Lag 0","0.9965","0.9471","1.0485"
"Phichit","cumulative_Lag 0","0.9939","0.942","1.0488"
"Phitsanulok","cumulative_Lag 0","1.0139","0.9934","1.0347"
"Phra Nakhon Si Ayutthaya","cumulative_Lag 0","1.0021","0.9748","1.0302"
"Phrae","cumulative_Lag 0","0.9906","0.969","1.0126"
"Phuket","cumulative_Lag 0","1.041","0.954","1.1359"
"Prachin Buri","cumulative_Lag 0","1.0299","0.9979","1.0629"
"Prachuap Khiri Khan","cumulative_Lag 0","1.01","0.9445","1.0802"
"Ratchaburi","cumulative_Lag 0","1.0183","0.9994","1.0377"
"Rayong","cumulative_Lag 0","1.0397","1.0052","1.0754"
"Sa Kaeo","cumulative_Lag 0","1.0153","0.9769","1.0552"
"Sakon Nakhon","cumulative_Lag 0","1.03","0.9848","1.0772"
"Samut Prakan","cumulative_Lag 0","1.0147","0.9921","1.0378"
"Samut Songkhram","cumulative_Lag 0","0.9939","0.9453","1.0451"
"Satun","cumulative_Lag 0","0.9972","0.928","1.0715"
"Songkhla","cumulative_Lag 0","1.0135","0.9745","1.0541"
"Sukhothai","cumulative_Lag 0","1.0173","0.9817","1.0543"
"Suphan Buri","cumulative_Lag 0","0.9888","0.9577","1.0208"
"Surat Thani","cumulative_Lag 0","1.0134","0.9742","1.0542"
"Tak","cumulative_Lag 0","0.9837","0.9543","1.014"
"Trang","cumulative_Lag 0","0.9423","0.8352","1.0633"
"Trat","cumulative_Lag 0","1.02","0.9206","1.13"
"Ubon Ratchathani","cumulative_Lag 0","1.0082","0.9944","1.0222"
"Udon Thani","cumulative_Lag 0","1.0019","0.9739","1.0307"
"Uthai Thani","cumulative_Lag 0","1.0132","0.9518","1.0786"
"Uttaradit","cumulative_Lag 0","1.0072","0.952","1.0656"
"Yala","cumulative_Lag 0","1.0206","0.9653","1.0791"
