"Province","cumulative_Lag","RR","Lower","Upper"
"Bangkok","cumulative_Lag 3","1.0471","1.0283","1.0663"
"Buri Ram","cumulative_Lag 3","0.9866","0.9121","1.0672"
"Chachoengsao","cumulative_Lag 3","1.0301","0.9827","1.0799"
"Chanthaburi","cumulative_Lag 3","1.0284","0.9043","1.1695"
"Chiang Mai","cumulative_Lag 3","1.0103","0.9923","1.0285"
"Chiang Rai","cumulative_Lag 3","0.9832","0.9707","0.9958"
"Chon Buri","cumulative_Lag 3","1.0525","1.0167","1.0896"
"Kamphaeng Phet","cumulative_Lag 3","0.9787","0.9039","1.0596"
"Kanchanaburi","cumulative_Lag 3","1.0214","0.9859","1.0581"
"Khon Kaen","cumulative_Lag 3","1.0304","1.0039","1.0576"
"Lampang","cumulative_Lag 3","0.9992","0.97","1.0292"
"Lamphun","cumulative_Lag 3","0.9949","0.9596","1.0316"
"Loei","cumulative_Lag 3","0.9849","0.9523","1.0186"
"Lop Buri","cumulative_Lag 3","1.1337","1.0589","1.2138"
"Mae Hong Son","cumulative_Lag 3","1.0174","0.9872","1.0487"
"Mukdahan","cumulative_Lag 3","0.9904","0.7971","1.2306"
"Nakhon Pathom","cumulative_Lag 3","1.036","0.9959","1.0778"
"Nakhon Phanom","cumulative_Lag 3","1.0148","0.9713","1.0602"
"Nakhon Ratchasima","cumulative_Lag 3","1.0633","1.0377","1.0896"
"Nakhon Sawan","cumulative_Lag 3","1.0312","0.9953","1.0683"
"Nakhon Si Thammarat","cumulative_Lag 3","1.0545","0.9741","1.1415"
"Nan","cumulative_Lag 3","1.0068","0.9777","1.0369"
"Narathiwat","cumulative_Lag 3","0.9587","0.8899","1.0329"
"Nong Khai","cumulative_Lag 3","1.0182","0.9839","1.0537"
"Pathum Thani","cumulative_Lag 3","1.0267","0.9842","1.0711"
"Phayao","cumulative_Lag 3","0.9756","0.9456","1.0065"
"Phetchabun","cumulative_Lag 3","0.9661","0.8835","1.0563"
"Phichit","cumulative_Lag 3","1.0068","0.9219","1.0995"
"Phitsanulok","cumulative_Lag 3","1.0267","0.9954","1.0589"
"Phra Nakhon Si Ayutthaya","cumulative_Lag 3","1.0002","0.959","1.0432"
"Phrae","cumulative_Lag 3","0.9767","0.9443","1.0102"
"Phuket","cumulative_Lag 3","1.0416","0.9077","1.1952"
"Prachin Buri","cumulative_Lag 3","1.0525","1.0067","1.1003"
"Prachuap Khiri Khan","cumulative_Lag 3","1.0818","0.9787","1.1957"
"Ratchaburi","cumulative_Lag 3","1.0399","1.0132","1.0672"
"Rayong","cumulative_Lag 3","1.0361","0.9859","1.0889"
"Sa Kaeo","cumulative_Lag 3","1.0251","0.9738","1.0791"
"Sakon Nakhon","cumulative_Lag 3","1.0318","0.9637","1.1046"
"Samut Prakan","cumulative_Lag 3","1.0307","0.9959","1.0668"
"Samut Songkhram","cumulative_Lag 3","1.053","0.9758","1.1363"
"Satun","cumulative_Lag 3","0.9732","0.8679","1.0912"
"Songkhla","cumulative_Lag 3","1.0142","0.9544","1.0777"
"Sukhothai","cumulative_Lag 3","1.0151","0.9592","1.0742"
"Suphan Buri","cumulative_Lag 3","0.9878","0.9395","1.0386"
"Surat Thani","cumulative_Lag 3","1.0932","1.0263","1.1644"
"Tak","cumulative_Lag 3","0.9859","0.9405","1.0335"
"Trang","cumulative_Lag 3","0.9064","0.7466","1.1005"
"Trat","cumulative_Lag 3","1.0353","0.9077","1.1808"
"Ubon Ratchathani","cumulative_Lag 3","1.0122","0.9901","1.0349"
"Udon Thani","cumulative_Lag 3","1.0505","1.0058","1.0973"
"Uthai Thani","cumulative_Lag 3","1.0685","0.9703","1.1767"
"Uttaradit","cumulative_Lag 3","1.04","0.9637","1.1224"
"Yala","cumulative_Lag 3","1.0423","0.9574","1.1348"
