"Province","cumulative_Lag","RR","Lower","Upper"
"Bangkok","cumulative_Lag 5","1.0534","1.032","1.0753"
"Buri Ram","cumulative_Lag 5","1.0084","0.9205","1.1047"
"Chachoengsao","cumulative_Lag 5","1.036","0.9817","1.0933"
"Chanthaburi","cumulative_Lag 5","1.0385","0.8987","1.2"
"Chiang Mai","cumulative_Lag 5","1.0158","0.996","1.036"
"Chiang Rai","cumulative_Lag 5","0.9855","0.9722","0.999"
"Chon Buri","cumulative_Lag 5","1.0457","1.0053","1.0878"
"Kamphaeng Phet","cumulative_Lag 5","0.9993","0.9051","1.1034"
"Kanchanaburi","cumulative_Lag 5","1.0225","0.9827","1.0639"
"Khon Kaen","cumulative_Lag 5","1.0086","0.9791","1.0391"
"Lampang","cumulative_Lag 5","1.013","0.9793","1.0478"
"Lamphun","cumulative_Lag 5","0.9945","0.9539","1.0367"
"Loei","cumulative_Lag 5","0.9696","0.9324","1.0084"
"Lop Buri","cumulative_Lag 5","1.0634","0.98","1.1538"
"Mae Hong Son","cumulative_Lag 5","1.01","0.9762","1.045"
"Mukdahan","cumulative_Lag 5","0.9146","0.7072","1.1829"
"Nakhon Pathom","cumulative_Lag 5","1.0487","1.0037","1.0957"
"Nakhon Phanom","cumulative_Lag 5","1.0062","0.9562","1.0588"
"Nakhon Ratchasima","cumulative_Lag 5","1.0654","1.036","1.0956"
"Nakhon Sawan","cumulative_Lag 5","1.0579","1.0157","1.1018"
"Nakhon Si Thammarat","cumulative_Lag 5","1.0147","0.9274","1.1101"
"Nan","cumulative_Lag 5","1.0101","0.977","1.0444"
"Narathiwat","cumulative_Lag 5","0.9763","0.8967","1.063"
"Nong Khai","cumulative_Lag 5","0.9854","0.9471","1.0252"
"Pathum Thani","cumulative_Lag 5","1.0384","0.99","1.0891"
"Phayao","cumulative_Lag 5","0.9829","0.9487","1.0184"
"Phetchabun","cumulative_Lag 5","0.9628","0.8662","1.0701"
"Phichit","cumulative_Lag 5","1.0114","0.9133","1.1201"
"Phitsanulok","cumulative_Lag 5","1.0279","0.9914","1.0658"
"Phra Nakhon Si Ayutthaya","cumulative_Lag 5","1.0006","0.9544","1.049"
"Phrae","cumulative_Lag 5","0.9866","0.9494","1.0253"
"Phuket","cumulative_Lag 5","1.029","0.8767","1.2078"
"Prachin Buri","cumulative_Lag 5","1.0438","0.9926","1.0977"
"Prachuap Khiri Khan","cumulative_Lag 5","1.121","0.9979","1.2591"
"Ratchaburi","cumulative_Lag 5","1.0335","1.0042","1.0637"
"Rayong","cumulative_Lag 5","1.0089","0.9536","1.0675"
"Sa Kaeo","cumulative_Lag 5","1.0211","0.965","1.0804"
"Sakon Nakhon","cumulative_Lag 5","1.0173","0.9392","1.1018"
"Samut Prakan","cumulative_Lag 5","1.0252","0.9864","1.0655"
"Samut Songkhram","cumulative_Lag 5","1.1131","1.0201","1.2145"
"Satun","cumulative_Lag 5","0.9783","0.8583","1.1152"
"Songkhla","cumulative_Lag 5","0.9965","0.93","1.0678"
"Sukhothai","cumulative_Lag 5","1.0016","0.9426","1.0643"
"Suphan Buri","cumulative_Lag 5","1.0012","0.9463","1.0594"
"Surat Thani","cumulative_Lag 5","1.1316","1.0518","1.2175"
"Tak","cumulative_Lag 5","0.9937","0.941","1.0494"
"Trang","cumulative_Lag 5","0.8972","0.7203","1.1175"
"Trat","cumulative_Lag 5","1.0236","0.8837","1.1856"
"Ubon Ratchathani","cumulative_Lag 5","1.0088","0.9833","1.0349"
"Udon Thani","cumulative_Lag 5","1.0731","1.0204","1.1286"
"Uthai Thani","cumulative_Lag 5","1.1103","0.9906","1.2445"
"Uttaradit","cumulative_Lag 5","1.0531","0.9657","1.1485"
"Yala","cumulative_Lag 5","1.0226","0.9284","1.1264"
