"Province","cumulative_Lag","RR","Lower","Upper"
"Bangkok","cumulative_Lag 4","1.0503","1.0304","1.0706"
"Buri Ram","cumulative_Lag 4","0.9985","0.9164","1.088"
"Chachoengsao","cumulative_Lag 4","1.0312","0.9807","1.0844"
"Chanthaburi","cumulative_Lag 4","1.0345","0.902","1.1863"
"Chiang Mai","cumulative_Lag 4","1.0127","0.9938","1.0319"
"Chiang Rai","cumulative_Lag 4","0.9842","0.9714","0.9973"
"Chon Buri","cumulative_Lag 4","1.0491","1.0113","1.0883"
"Kamphaeng Phet","cumulative_Lag 4","0.9854","0.9005","1.0783"
"Kanchanaburi","cumulative_Lag 4","1.0219","0.9845","1.0607"
"Khon Kaen","cumulative_Lag 4","1.019","0.9912","1.0476"
"Lampang","cumulative_Lag 4","1.0074","0.976","1.0398"
"Lamphun","cumulative_Lag 4","0.9954","0.9578","1.0344"
"Loei","cumulative_Lag 4","0.9757","0.941","1.0118"
"Lop Buri","cumulative_Lag 4","1.0897","1.011","1.1745"
"Mae Hong Son","cumulative_Lag 4","1.0126","0.9809","1.0454"
"Mukdahan","cumulative_Lag 4","0.9458","0.7449","1.2009"
"Nakhon Pathom","cumulative_Lag 4","1.0426","1.0003","1.0866"
"Nakhon Phanom","cumulative_Lag 4","1.0094","0.9626","1.0584"
"Nakhon Ratchasima","cumulative_Lag 4","1.0641","1.0367","1.0922"
"Nakhon Sawan","cumulative_Lag 4","1.0464","1.0074","1.0869"
"Nakhon Si Thammarat","cumulative_Lag 4","1.0237","0.9406","1.1142"
"Nan","cumulative_Lag 4","1.012","0.9805","1.0444"
"Narathiwat","cumulative_Lag 4","0.9653","0.8914","1.0454"
"Nong Khai","cumulative_Lag 4","0.9976","0.9615","1.035"
"Pathum Thani","cumulative_Lag 4","1.0348","0.9896","1.0821"
"Phayao","cumulative_Lag 4","0.9799","0.9478","1.0131"
"Phetchabun","cumulative_Lag 4","0.9598","0.8695","1.0595"
"Phichit","cumulative_Lag 4","1.0122","0.9198","1.1139"
"Phitsanulok","cumulative_Lag 4","1.0265","0.9926","1.0615"
"Phra Nakhon Si Ayutthaya","cumulative_Lag 4","0.9995","0.9561","1.0448"
"Phrae","cumulative_Lag 4","0.9791","0.9445","1.0149"
"Phuket","cumulative_Lag 4","1.0285","0.8869","1.1928"
"Prachin Buri","cumulative_Lag 4","1.0475","0.9995","1.0977"
"Prachuap Khiri Khan","cumulative_Lag 4","1.1065","0.9923","1.2339"
"Ratchaburi","cumulative_Lag 4","1.038","1.0103","1.0665"
"Rayong","cumulative_Lag 4","1.018","0.9659","1.0728"
"Sa Kaeo","cumulative_Lag 4","1.0224","0.9695","1.0781"
"Sakon Nakhon","cumulative_Lag 4","1.0208","0.9486","1.0986"
"Samut Prakan","cumulative_Lag 4","1.0289","0.9923","1.0668"
"Samut Songkhram","cumulative_Lag 4","1.0852","1.0004","1.1772"
"Satun","cumulative_Lag 4","0.9706","0.8591","1.0966"
"Songkhla","cumulative_Lag 4","1.0058","0.9431","1.0726"
"Sukhothai","cumulative_Lag 4","1.0065","0.949","1.0676"
"Suphan Buri","cumulative_Lag 4","0.9943","0.9426","1.0488"
"Surat Thani","cumulative_Lag 4","1.1186","1.0453","1.197"
"Tak","cumulative_Lag 4","0.9924","0.9431","1.0443"
"Trang","cumulative_Lag 4","0.9085","0.7387","1.1173"
"Trat","cumulative_Lag 4","1.0302","0.8983","1.1815"
"Ubon Ratchathani","cumulative_Lag 4","1.0101","0.9864","1.0344"
"Udon Thani","cumulative_Lag 4","1.0672","1.0185","1.1182"
"Uthai Thani","cumulative_Lag 4","1.0897","0.98","1.2117"
"Uttaradit","cumulative_Lag 4","1.0491","0.968","1.1371"
"Yala","cumulative_Lag 4","1.0358","0.9465","1.1336"
